timestamp,device_id,name,T_i,H_i,T_e,H_e,light,exhaust,circulation
1784537893.477835,E697B52A-2E7F-D41E-BC4D-2D027CB38D0B,HAPPY BLÜTE,23.86,49.48,23.78,49.27,0,81,78
1784537893.477835,827482CC-A977-43D7-835E-8E8B6978E66A,growmaster-1d3c,,,,,32,25,60
1784537893.477835,C898B4F2-B452-7502-1A67-0536E77D49EA,sps,,,,,,,
1784537893.477835,FABCEA8B-7EC8-2594-4879-2B3B63989660,ThermoBeacon2,,,,,,,
1784537898.6143591,E697B52A-2E7F-D41E-BC4D-2D027CB38D0B,HAPPY BLÜTE,23.89,49.49,23.8,49.29,0,81,78
1784537898.6143591,827482CC-A977-43D7-835E-8E8B6978E66A,growmaster-1d3c,,,,,32,25,60
1784537898.6143591,C898B4F2-B452-7502-1A67-0536E77D49EA,sps,,,,,,,
1784537898.6143591,FABCEA8B-7EC8-2594-4879-2B3B63989660,ThermoBeacon2,,,,,,,
1784537903.79166,E697B52A-2E7F-D41E-BC4D-2D027CB38D0B,HAPPY BLÜTE,23.89,49.47,23.8,49.34,0,81,78
1784537903.79166,827482CC-A977-43D7-835E-8E8B6978E66A,growmaster-1d3c,,,,,32,25,60
1784537903.79166,C898B4F2-B452-7502-1A67-0536E77D49EA,sps,,,,,,,
1784537903.79166,FABCEA8B-7EC8-2594-4879-2B3B63989660,ThermoBeacon2,,,,,,,
1784537908.987264,E697B52A-2E7F-D41E-BC4D-2D027CB38D0B,HAPPY BLÜTE,23.9,49.46,23.78,49.3,0,81,78
1784537908.987264,827482CC-A977-43D7-835E-8E8B6978E66A,growmaster-1d3c,,,,,32,25,60
1784537908.987264,C898B4F2-B452-7502-1A67-0536E77D49EA,sps,,,,,,,
1784537908.987264,FABCEA8B-7EC8-2594-4879-2B3B63989660,ThermoBeacon2,,,,,,,
1784537914.187514,E697B52A-2E7F-D41E-BC4D-2D027CB38D0B,HAPPY BLÜTE,23.87,49.47,23.81,49.31,0,81,78
1784537914.187514,827482CC-A977-43D7-835E-8E8B6978E66A,growmaster-1d3c,,,,,32,25,60
1784537914.187514,C898B4F2-B452-7502-1A67-0536E77D49EA,sps,,,,,,,
1784537914.187514,FABCEA8B-7EC8-2594-4879-2B3B63989660,ThermoBeacon2,,,,,,,
1784537919.368288,E697B52A-2E7F-D41E-BC4D-2D027CB38D0B,HAPPY BLÜTE,23.87,49.45,23.78,49.31,0,81,78
1784537919.368288,827482CC-A977-43D7-835E-8E8B6978E66A,growmaster-1d3c,,,,,32,25,60
1784537919.368288,C898B4F2-B452-7502-1A67-0536E77D49EA,sps,,,,,,,
1784537919.368288,FABCEA8B-7EC8-2594-4879-2B3B63989660,ThermoBeacon2,,,,,,,
1784537924.527911,E697B52A-2E7F-D41E-BC4D-2D027CB38D0B,HAPPY BLÜTE,23.87,49.49,23.8,49.3,0,81,78
1784537924.527911,827482CC-A977-43D7-835E-8E8B6978E66A,growmaster-1d3c,,,,,32,25,60
1784537924.527911,C898B4F2-B452-7502-1A67-0536E77D49EA,sps,,,,,,,
1784537924.527911,FABCEA8B-7EC8-2594-4879-2B3B63989660,ThermoBeacon2,,,,,,,
1784537929.540192,E697B52A-2E7F-D41E-BC4D-2D027CB38D0B,HAPPY BLÜTE,23.87,49.51,23.78,49.33,0,81,78
1784537929.540192,827482CC-A977-43D7-835E-8E8B6978E66A,growmaster-1d3c,,,,,32,25,60
1784537929.540192,C898B4F2-B452-7502-1A67-0536E77D49EA,sps,,,,,,,
1784537929.540192,FABCEA8B-7EC8-2594-4879-2B3B63989660,ThermoBeacon2,,,,,,,
1784537934.746907,E697B52A-2E7F-D41E-BC4D-2D027CB38D0B,HAPPY BLÜTE,23.9,49.49,23.8,49.32,0,81,78
1784537934.746907,827482CC-A977-43D7-835E-8E8B6978E66A,growmaster-1d3c,,,,,32,25,60
1784537934.746907,C898B4F2-B452-7502-1A67-0536E77D49EA,sps,,,,,,,
1784537934.746907,FABCEA8B-7EC8-2594-4879-2B3B63989660,ThermoBeacon2,,,,,,,
1784537939.93887,E697B52A-2E7F-D41E-BC4D-2D027CB38D0B,HAPPY BLÜTE,23.89,49.49,23.8,49.25,0,81,78
1784537939.93887,827482CC-A977-43D7-835E-8E8B6978E66A,growmaster-1d3c,,,,,32,25,60
1784537939.93887,C898B4F2-B452-7502-1A67-0536E77D49EA,sps,,,,,,,
1784537939.93887,FABCEA8B-7EC8-2594-4879-2B3B63989660,ThermoBeacon2,,,,,,,
1784537945.08027,E697B52A-2E7F-D41E-BC4D-2D027CB38D0B,HAPPY BLÜTE,23.89,49.49,23.8,49.25,0,81,78
1784537945.08027,827482CC-A977-43D7-835E-8E8B6978E66A,growmaster-1d3c,,,,,32,25,60
1784537945.08027,C898B4F2-B452-7502-1A67-0536E77D49EA,sps,,,,,,,
1784537945.08027,FABCEA8B-7EC8-2594-4879-2B3B63989660,ThermoBeacon2,,,,,,,
1784537950.269532,E697B52A-2E7F-D41E-BC4D-2D027CB38D0B,HAPPY BLÜTE,23.87,49.51,23.78,49.33,0,81,78
1784537950.269532,827482CC-A977-43D7-835E-8E8B6978E66A,growmaster-1d3c,,,,,32,25,60
1784537950.269532,C898B4F2-B452-7502-1A67-0536E77D49EA,sps,,,,,,,
1784537950.269532,FABCEA8B-7EC8-2594-4879-2B3B63989660,ThermoBeacon2,,,,,,,
1784537955.473067,E697B52A-2E7F-D41E-BC4D-2D027CB38D0B,HAPPY BLÜTE,23.9,49.45,23.78,49.29,0,81,78
1784537955.473067,827482CC-A977-43D7-835E-8E8B6978E66A,growmaster-1d3c,,,,,32,25,60
1784537955.473067,C898B4F2-B452-7502-1A67-0536E77D49EA,sps,,,,,,,
1784537955.473067,FABCEA8B-7EC8-2594-4879-2B3B63989660,ThermoBeacon2,,,,,,,
1784537960.680942,E697B52A-2E7F-D41E-BC4D-2D027CB38D0B,HAPPY BLÜTE,23.86,49.46,23.8,49.3,0,81,78
1784537960.680942,827482CC-A977-43D7-835E-8E8B6978E66A,growmaster-1d3c,,,,,32,25,60
1784537960.680942,C898B4F2-B452-7502-1A67-0536E77D49EA,sps,,,,,,,
1784537960.680942,FABCEA8B-7EC8-2594-4879-2B3B63989660,ThermoBeacon2,,,,,,,
1784537965.859893,E697B52A-2E7F-D41E-BC4D-2D027CB38D0B,HAPPY BLÜTE,23.89,49.47,23.78,49.29,0,81,78
1784537965.859893,827482CC-A977-43D7-835E-8E8B6978E66A,growmaster-1d3c,,,,,32,25,60
1784537965.859893,C898B4F2-B452-7502-1A67-0536E77D49EA,sps,,,,,,,
1784537965.859893,FABCEA8B-7EC8-2594-4879-2B3B63989660,ThermoBeacon2,,,,,,,
1784537971.0358,E697B52A-2E7F-D41E-BC4D-2D027CB38D0B,HAPPY BLÜTE,23.89,49.47,23.8,49.35,0,81,78
1784537971.0358,827482CC-A977-43D7-835E-8E8B6978E66A,growmaster-1d3c,,,,,32,25,60
1784537971.0358,C898B4F2-B452-7502-1A67-0536E77D49EA,sps,,,,,,,
1784537971.0358,FABCEA8B-7EC8-2594-4879-2B3B63989660,ThermoBeacon2,,,,,,,
1784537976.174104,E697B52A-2E7F-D41E-BC4D-2D027CB38D0B,HAPPY BLÜTE,23.87,49.45,23.81,49.27,0,81,78
1784537976.174104,827482CC-A977-43D7-835E-8E8B6978E66A,growmaster-1d3c,,,,,32,25,60
1784537976.174104,C898B4F2-B452-7502-1A67-0536E77D49EA,sps,,,,,,,
1784537976.174104,FABCEA8B-7EC8-2594-4879-2B3B63989660,ThermoBeacon2,,,,,,,
1784537981.363859,E697B52A-2E7F-D41E-BC4D-2D027CB38D0B,HAPPY BLÜTE,23.89,49.45,23.81,49.3,0,81,78
1784537981.363859,827482CC-A977-43D7-835E-8E8B6978E66A,growmaster-1d3c,,,,,32,25,60
1784537981.363859,C898B4F2-B452-7502-1A67-0536E77D49EA,sps,,,,,,,
1784537981.363859,FABCEA8B-7EC8-2594-4879-2B3B63989660,ThermoBeacon2,,,,,,,
1784537986.5629911,E697B52A-2E7F-D41E-BC4D-2D027CB38D0B,HAPPY BLÜTE,23.9,49.47,23.8,49.26,0,81,78
1784537986.5629911,827482CC-A977-43D7-835E-8E8B6978E66A,growmaster-1d3c,,,,,32,25,60
1784537986.5629911,C898B4F2-B452-7502-1A67-0536E77D49EA,sps,,,,,,,
1784537986.5629911,FABCEA8B-7EC8-2594-4879-2B3B63989660,ThermoBeacon2,,,,,,,
1784537991.759653,E697B52A-2E7F-D41E-BC4D-2D027CB38D0B,HAPPY BLÜTE,23.89,49.45,23.78,49.28,0,81,78
1784537991.759653,827482CC-A977-43D7-835E-8E8B6978E66A,growmaster-1d3c,,,,,32,25,60
1784537991.759653,C898B4F2-B452-7502-1A67-0536E77D49EA,sps,,,,,,,
1784537991.759653,FABCEA8B-7EC8-2594-4879-2B3B63989660,ThermoBeacon2,,,,,,,
1784537996.974551,E697B52A-2E7F-D41E-BC4D-2D027CB38D0B,HAPPY BLÜTE,23.89,49.46,23.8,49.3,0,81,78
1784537996.974551,827482CC-A977-43D7-835E-8E8B6978E66A,growmaster-1d3c,,,,,32,25,60
1784537996.974551,C898B4F2-B452-7502-1A67-0536E77D49EA,sps,,,,,,,
1784537996.974551,FABCEA8B-7EC8-2594-4879-2B3B63989660,ThermoBeacon2,,,,,,,
1784538002.1866398,E697B52A-2E7F-D41E-BC4D-2D027CB38D0B,HAPPY BLÜTE,23.87,49.44,23.8,49.26,0,81,78
1784538002.1866398,827482CC-A977-43D7-835E-8E8B6978E66A,growmaster-1d3c,,,,,32,25,60
1784538002.1866398,C898B4F2-B452-7502-1A67-0536E77D49EA,sps,,,,,,,
1784538002.1866398,FABCEA8B-7EC8-2594-4879-2B3B63989660,ThermoBeacon2,,,,,,,
1784538007.318333,E697B52A-2E7F-D41E-BC4D-2D027CB38D0B,HAPPY BLÜTE,23.9,49.44,23.81,49.28,0,81,78
1784538007.318333,827482CC-A977-43D7-835E-8E8B6978E66A,growmaster-1d3c,,,,,32,25,60
1784538007.318333,C898B4F2-B452-7502-1A67-0536E77D49EA,sps,,,,,,,
1784538007.318333,FABCEA8B-7EC8-2594-4879-2B3B63989660,ThermoBeacon2,,,,,,,
1784538012.505784,E697B52A-2E7F-D41E-BC4D-2D027CB38D0B,HAPPY BLÜTE,23.9,49.46,23.81,49.25,0,81,78
1784538012.505784,827482CC-A977-43D7-835E-8E8B6978E66A,growmaster-1d3c,,,,,32,25,60
1784538012.505784,C898B4F2-B452-7502-1A67-0536E77D49EA,sps,,,,,,,
1784538012.505784,FABCEA8B-7EC8-2594-4879-2B3B63989660,ThermoBeacon2,,,,,,,
1784538017.701772,E697B52A-2E7F-D41E-BC4D-2D027CB38D0B,HAPPY BLÜTE,23.9,49.42,23.78,49.28,0,81,78
1784538017.701772,827482CC-A977-43D7-835E-8E8B6978E66A,growmaster-1d3c,,,,,32,25,60
1784538017.701772,C898B4F2-B452-7502-1A67-0536E77D49EA,sps,,,,,,,
1784538017.701772,FABCEA8B-7EC8-2594-4879-2B3B63989660,ThermoBeacon2,,,,,,,
1784538022.896559,E697B52A-2E7F-D41E-BC4D-2D027CB38D0B,HAPPY BLÜTE,23.9,49.42,23.78,49.28,0,81,78
1784538022.896559,827482CC-A977-43D7-835E-8E8B6978E66A,growmaster-1d3c,,,,,32,25,60
1784538022.896559,C898B4F2-B452-7502-1A67-0536E77D49EA,sps,,,,,,,
1784538022.896559,FABCEA8B-7EC8-2594-4879-2B3B63989660,ThermoBeacon2,,,,,,,
1784538028.026071,E697B52A-2E7F-D41E-BC4D-2D027CB38D0B,HAPPY BLÜTE,23.89,49.43,23.78,49.27,0,81,78
1784538028.026071,827482CC-A977-43D7-835E-8E8B6978E66A,growmaster-1d3c,,,,,32,25,60
1784538028.026071,C898B4F2-B452-7502-1A67-0536E77D49EA,sps,,,,,,,
1784538028.026071,FABCEA8B-7EC8-2594-4879-2B3B63989660,ThermoBeacon2,,,,,,,
1784538033.0313091,E697B52A-2E7F-D41E-BC4D-2D027CB38D0B,HAPPY BLÜTE,23.89,49.39,23.81,49.21,0,81,78
1784538033.0313091,827482CC-A977-43D7-835E-8E8B6978E66A,growmaster-1d3c,,,,,32,25,60
1784538033.0313091,C898B4F2-B452-7502-1A67-0536E77D49EA,sps,,,,,,,
1784538033.0313091,FABCEA8B-7EC8-2594-4879-2B3B63989660,ThermoBeacon2,,,,,,,
1784538038.215241,E697B52A-2E7F-D41E-BC4D-2D027CB38D0B,HAPPY BLÜTE,23.89,49.42,23.81,49.22,0,81,78
1784538038.215241,827482CC-A977-43D7-835E-8E8B6978E66A,growmaster-1d3c,,,,,32,25,60
1784538038.215241,C898B4F2-B452-7502-1A67-0536E77D49EA,sps,,,,,,,
1784538038.215241,FABCEA8B-7EC8-2594-4879-2B3B63989660,ThermoBeacon2,,,,,,,
1784538043.354501,E697B52A-2E7F-D41E-BC4D-2D027CB38D0B,HAPPY BLÜTE,23.87,49.41,23.78,49.21,0,81,78
1784538043.354501,827482CC-A977-43D7-835E-8E8B6978E66A,growmaster-1d3c,,,,,32,25,60
1784538043.354501,C898B4F2-B452-7502-1A67-0536E77D49EA,sps,,,,,,,
1784538043.354501,FABCEA8B-7EC8-2594-4879-2B3B63989660,ThermoBeacon2,,,,,,,
1784538048.526498,E697B52A-2E7F-D41E-BC4D-2D027CB38D0B,HAPPY BLÜTE,23.89,49.4,23.8,49.24,0,81,78
1784538048.526498,827482CC-A977-43D7-835E-8E8B6978E66A,growmaster-1d3c,,,,,32,25,60
1784538048.526498,C898B4F2-B452-7502-1A67-0536E77D49EA,sps,,,,,,,
1784538048.526498,FABCEA8B-7EC8-2594-4879-2B3B63989660,ThermoBeacon2,,,,,,,
1784538053.716526,E697B52A-2E7F-D41E-BC4D-2D027CB38D0B,HAPPY BLÜTE,23.87,49.38,23.78,49.25,0,81,78
1784538053.716526,827482CC-A977-43D7-835E-8E8B6978E66A,growmaster-1d3c,,,,,32,25,60
1784538053.716526,C898B4F2-B452-7502-1A67-0536E77D49EA,sps,,,,,,,
1784538053.716526,FABCEA8B-7EC8-2594-4879-2B3B63989660,ThermoBeacon2,,,,,,,
1784538058.890469,E697B52A-2E7F-D41E-BC4D-2D027CB38D0B,HAPPY BLÜTE,23.89,49.43,23.78,49.23,0,81,78
1784538058.890469,827482CC-A977-43D7-835E-8E8B6978E66A,growmaster-1d3c,,,,,32,25,60
1784538058.890469,C898B4F2-B452-7502-1A67-0536E77D49EA,sps,,,,,,,
1784538058.890469,FABCEA8B-7EC8-2594-4879-2B3B63989660,ThermoBeacon2,,,,,,,
1784538064.033144,E697B52A-2E7F-D41E-BC4D-2D027CB38D0B,HAPPY BLÜTE,23.89,49.43,23.78,49.23,0,81,78
1784538064.033144,827482CC-A977-43D7-835E-8E8B6978E66A,growmaster-1d3c,,,,,32,25,60
1784538064.033144,C898B4F2-B452-7502-1A67-0536E77D49EA,sps,,,,,,,
1784538064.033144,FABCEA8B-7EC8-2594-4879-2B3B63989660,ThermoBeacon2,,,,,,,
1784538069.062006,E697B52A-2E7F-D41E-BC4D-2D027CB38D0B,HAPPY BLÜTE,23.87,49.39,23.78,49.25,0,81,78
1784538069.062006,827482CC-A977-43D7-835E-8E8B6978E66A,growmaster-1d3c,,,,,32,25,60
1784538069.062006,C898B4F2-B452-7502-1A67-0536E77D49EA,sps,,,,,,,
1784538069.062006,FABCEA8B-7EC8-2594-4879-2B3B63989660,ThermoBeacon2,,,,,,,
1784538082.783978,E697B52A-2E7F-D41E-BC4D-2D027CB38D0B,HAPPY BLÜTE,23.89,49.44,23.81,49.26,0,81,78
1784538082.783978,827482CC-A977-43D7-835E-8E8B6978E66A,growmaster-1d3c,,,,,32,25,60
1784538082.783978,C898B4F2-B452-7502-1A67-0536E77D49EA,sps,,,,,,,
1784538082.783978,FABCEA8B-7EC8-2594-4879-2B3B63989660,ThermoBeacon2,,,,,,,
1784538087.9285371,E697B52A-2E7F-D41E-BC4D-2D027CB38D0B,HAPPY BLÜTE,23.89,49.43,23.8,49.26,0,81,78
1784538087.9285371,827482CC-A977-43D7-835E-8E8B6978E66A,growmaster-1d3c,,,,,32,25,60
1784538087.9285371,C898B4F2-B452-7502-1A67-0536E77D49EA,sps,,,,,,,
1784538087.9285371,FABCEA8B-7EC8-2594-4879-2B3B63989660,ThermoBeacon2,,,,,,,
1784538093.0592918,E697B52A-2E7F-D41E-BC4D-2D027CB38D0B,HAPPY BLÜTE,23.89,49.43,23.78,49.22,0,81,78
1784538093.0592918,827482CC-A977-43D7-835E-8E8B6978E66A,growmaster-1d3c,,,,,32,25,60
1784538093.0592918,C898B4F2-B452-7502-1A67-0536E77D49EA,sps,,,,,,,
1784538093.0592918,FABCEA8B-7EC8-2594-4879-2B3B63989660,ThermoBeacon2,,,,,,,
1784538098.213587,E697B52A-2E7F-D41E-BC4D-2D027CB38D0B,HAPPY BLÜTE,23.9,49.4,23.81,49.25,0,81,78
1784538098.213587,827482CC-A977-43D7-835E-8E8B6978E66A,growmaster-1d3c,,,,,32,25,60
1784538098.213587,C898B4F2-B452-7502-1A67-0536E77D49EA,sps,,,,,,,
1784538098.213587,FABCEA8B-7EC8-2594-4879-2B3B63989660,ThermoBeacon2,,,,,,,
1784538103.390951,E697B52A-2E7F-D41E-BC4D-2D027CB38D0B,HAPPY BLÜTE,23.87,49.4,23.78,49.19,0,81,78
1784538103.390951,827482CC-A977-43D7-835E-8E8B6978E66A,growmaster-1d3c,,,,,32,25,60
1784538103.390951,C898B4F2-B452-7502-1A67-0536E77D49EA,sps,,,,,,,
1784538103.390951,FABCEA8B-7EC8-2594-4879-2B3B63989660,ThermoBeacon2,,,,,,,
1784538108.541569,E697B52A-2E7F-D41E-BC4D-2D027CB38D0B,HAPPY BLÜTE,23.87,49.43,23.81,49.26,0,81,78
1784538108.541569,827482CC-A977-43D7-835E-8E8B6978E66A,growmaster-1d3c,,,,,32,25,60
1784538108.541569,C898B4F2-B452-7502-1A67-0536E77D49EA,sps,,,,,,,
1784538108.541569,FABCEA8B-7EC8-2594-4879-2B3B63989660,ThermoBeacon2,,,,,,,
1784538113.730146,E697B52A-2E7F-D41E-BC4D-2D027CB38D0B,HAPPY BLÜTE,23.89,49.43,23.78,49.27,0,81,78
1784538113.730146,827482CC-A977-43D7-835E-8E8B6978E66A,growmaster-1d3c,,,,,32,25,60
1784538113.730146,C898B4F2-B452-7502-1A67-0536E77D49EA,sps,,,,,,,
1784538113.730146,FABCEA8B-7EC8-2594-4879-2B3B63989660,ThermoBeacon2,,,,,,,
1784538118.919178,E697B52A-2E7F-D41E-BC4D-2D027CB38D0B,HAPPY BLÜTE,23.89,49.41,23.78,49.26,0,81,78
1784538118.919178,827482CC-A977-43D7-835E-8E8B6978E66A,growmaster-1d3c,,,,,32,25,60
1784538118.919178,C898B4F2-B452-7502-1A67-0536E77D49EA,sps,,,,,,,
1784538118.919178,FABCEA8B-7EC8-2594-4879-2B3B63989660,ThermoBeacon2,,,,,,,
1784538124.045217,E697B52A-2E7F-D41E-BC4D-2D027CB38D0B,HAPPY BLÜTE,23.87,49.39,23.8,49.21,0,81,78
1784538124.045217,827482CC-A977-43D7-835E-8E8B6978E66A,growmaster-1d3c,,,,,32,25,60
1784538124.045217,C898B4F2-B452-7502-1A67-0536E77D49EA,sps,,,,,,,
1784538124.045217,FABCEA8B-7EC8-2594-4879-2B3B63989660,ThermoBeacon2,,,,,,,
1784538129.224183,E697B52A-2E7F-D41E-BC4D-2D027CB38D0B,HAPPY BLÜTE,23.86,49.38,23.77,49.23,0,81,78
1784538129.224183,827482CC-A977-43D7-835E-8E8B6978E66A,growmaster-1d3c,,,,,32,25,60
1784538129.224183,C898B4F2-B452-7502-1A67-0536E77D49EA,sps,,,,,,,
1784538129.224183,FABCEA8B-7EC8-2594-4879-2B3B63989660,ThermoBeacon2,,,,,,,
1784538134.340626,E697B52A-2E7F-D41E-BC4D-2D027CB38D0B,HAPPY BLÜTE,23.89,49.43,23.8,49.21,0,81,78
1784538134.340626,827482CC-A977-43D7-835E-8E8B6978E66A,growmaster-1d3c,,,,,32,25,60
1784538134.340626,C898B4F2-B452-7502-1A67-0536E77D49EA,sps,,,,,,,
1784538134.340626,FABCEA8B-7EC8-2594-4879-2B3B63989660,ThermoBeacon2,,,,,,,
1784538139.4491048,E697B52A-2E7F-D41E-BC4D-2D027CB38D0B,HAPPY BLÜTE,23.87,49.44,23.78,49.26,0,81,78
1784538139.4491048,827482CC-A977-43D7-835E-8E8B6978E66A,growmaster-1d3c,,,,,32,25,60
1784538139.4491048,C898B4F2-B452-7502-1A67-0536E77D49EA,sps,,,,,,,
1784538139.4491048,FABCEA8B-7EC8-2594-4879-2B3B63989660,ThermoBeacon2,,,,,,,
1784538144.636616,E697B52A-2E7F-D41E-BC4D-2D027CB38D0B,HAPPY BLÜTE,23.87,49.44,23.78,49.26,0,81,78
1784538144.636616,827482CC-A977-43D7-835E-8E8B6978E66A,growmaster-1d3c,,,,,32,25,60
1784538144.636616,C898B4F2-B452-7502-1A67-0536E77D49EA,sps,,,,,,,
1784538144.636616,FABCEA8B-7EC8-2594-4879-2B3B63989660,ThermoBeacon2,,,,,,,
1784538149.7449758,E697B52A-2E7F-D41E-BC4D-2D027CB38D0B,HAPPY BLÜTE,23.87,49.42,23.8,49.24,0,81,78
1784538149.7449758,827482CC-A977-43D7-835E-8E8B6978E66A,growmaster-1d3c,,,,,32,25,60
1784538149.7449758,C898B4F2-B452-7502-1A67-0536E77D49EA,sps,,,,,,,
1784538149.7449758,FABCEA8B-7EC8-2594-4879-2B3B63989660,ThermoBeacon2,,,,,,,
1784538161.2971342,E697B52A-2E7F-D41E-BC4D-2D027CB38D0B,HAPPY BLÜTE,23.86,49.4,23.8,49.24,0,81,78
1784538161.2971342,827482CC-A977-43D7-835E-8E8B6978E66A,growmaster-1d3c,,,,,32,25,60
1784538161.2971342,C898B4F2-B452-7502-1A67-0536E77D49EA,sps,,,,,,,
1784538161.2971342,FABCEA8B-7EC8-2594-4879-2B3B63989660,ThermoBeacon2,,,,,,,
1784538166.31213,E697B52A-2E7F-D41E-BC4D-2D027CB38D0B,HAPPY BLÜTE,23.89,49.42,23.78,49.29,0,81,78
1784538166.31213,827482CC-A977-43D7-835E-8E8B6978E66A,growmaster-1d3c,,,,,32,25,60
1784538166.31213,C898B4F2-B452-7502-1A67-0536E77D49EA,sps,,,,,,,
1784538166.31213,FABCEA8B-7EC8-2594-4879-2B3B63989660,ThermoBeacon2,,,,,,,
1784538171.381524,E697B52A-2E7F-D41E-BC4D-2D027CB38D0B,HAPPY BLÜTE,23.87,49.37,23.77,49.3,0,81,78
1784538171.381524,827482CC-A977-43D7-835E-8E8B6978E66A,growmaster-1d3c,,,,,32,25,60
1784538171.381524,C898B4F2-B452-7502-1A67-0536E77D49EA,sps,,,,,,,
1784538171.381524,FABCEA8B-7EC8-2594-4879-2B3B63989660,ThermoBeacon2,,,,,,,
1784538176.465974,E697B52A-2E7F-D41E-BC4D-2D027CB38D0B,HAPPY BLÜTE,23.87,49.37,23.77,49.3,0,81,78
1784538176.465974,827482CC-A977-43D7-835E-8E8B6978E66A,growmaster-1d3c,,,,,32,25,60
1784538176.465974,C898B4F2-B452-7502-1A67-0536E77D49EA,sps,,,,,,,
1784538176.465974,FABCEA8B-7EC8-2594-4879-2B3B63989660,ThermoBeacon2,,,,,,,
1784538181.568606,E697B52A-2E7F-D41E-BC4D-2D027CB38D0B,HAPPY BLÜTE,23.89,49.42,23.8,49.24,0,81,78
1784538181.568606,827482CC-A977-43D7-835E-8E8B6978E66A,growmaster-1d3c,,,,,32,25,60
1784538181.568606,C898B4F2-B452-7502-1A67-0536E77D49EA,sps,,,,,,,
1784538181.568606,FABCEA8B-7EC8-2594-4879-2B3B63989660,ThermoBeacon2,,,,,,,
1784538186.59622,E697B52A-2E7F-D41E-BC4D-2D027CB38D0B,HAPPY BLÜTE,23.89,49.43,23.82,49.24,0,81,78
1784538186.59622,827482CC-A977-43D7-835E-8E8B6978E66A,growmaster-1d3c,,,,,32,25,60
1784538186.59622,C898B4F2-B452-7502-1A67-0536E77D49EA,sps,,,,,,,
1784538186.59622,FABCEA8B-7EC8-2594-4879-2B3B63989660,ThermoBeacon2,,,,,,,
1784538191.698101,E697B52A-2E7F-D41E-BC4D-2D027CB38D0B,HAPPY BLÜTE,23.85,49.4,23.8,49.22,0,81,78
1784538191.698101,827482CC-A977-43D7-835E-8E8B6978E66A,growmaster-1d3c,,,,,32,25,60
1784538191.698101,C898B4F2-B452-7502-1A67-0536E77D49EA,sps,,,,,,,
1784538191.698101,FABCEA8B-7EC8-2594-4879-2B3B63989660,ThermoBeacon2,,,,,,,
1784538196.7105658,E697B52A-2E7F-D41E-BC4D-2D027CB38D0B,HAPPY BLÜTE,23.85,49.4,23.8,49.22,0,81,78
1784538196.7105658,827482CC-A977-43D7-835E-8E8B6978E66A,growmaster-1d3c,,,,,32,25,60
1784538196.7105658,C898B4F2-B452-7502-1A67-0536E77D49EA,sps,,,,,,,
1784538196.7105658,FABCEA8B-7EC8-2594-4879-2B3B63989660,ThermoBeacon2,,,,,,,
1784538201.794032,E697B52A-2E7F-D41E-BC4D-2D027CB38D0B,HAPPY BLÜTE,23.86,49.41,23.8,49.26,0,81,78
1784538201.794032,827482CC-A977-43D7-835E-8E8B6978E66A,growmaster-1d3c,,,,,32,25,60
1784538201.794032,C898B4F2-B452-7502-1A67-0536E77D49EA,sps,,,,,,,
1784538201.794032,FABCEA8B-7EC8-2594-4879-2B3B63989660,ThermoBeacon2,,,,,,,
1784538206.873908,E697B52A-2E7F-D41E-BC4D-2D027CB38D0B,HAPPY BLÜTE,23.87,49.39,23.8,49.25,0,81,78
1784538206.873908,827482CC-A977-43D7-835E-8E8B6978E66A,growmaster-1d3c,,,,,32,25,60
1784538206.873908,C898B4F2-B452-7502-1A67-0536E77D49EA,sps,,,,,,,
1784538206.873908,FABCEA8B-7EC8-2594-4879-2B3B63989660,ThermoBeacon2,,,,,,,
1784538211.87857,E697B52A-2E7F-D41E-BC4D-2D027CB38D0B,HAPPY BLÜTE,23.89,49.4,23.77,49.19,0,81,78
1784538211.87857,827482CC-A977-43D7-835E-8E8B6978E66A,growmaster-1d3c,,,,,32,25,60
1784538211.87857,C898B4F2-B452-7502-1A67-0536E77D49EA,sps,,,,,,,
1784538211.87857,FABCEA8B-7EC8-2594-4879-2B3B63989660,ThermoBeacon2,,,,,,,
1784538216.967641,E697B52A-2E7F-D41E-BC4D-2D027CB38D0B,HAPPY BLÜTE,23.87,49.39,23.77,49.25,0,81,78
1784538216.967641,827482CC-A977-43D7-835E-8E8B6978E66A,growmaster-1d3c,,,,,32,25,60
1784538216.967641,C898B4F2-B452-7502-1A67-0536E77D49EA,sps,,,,,,,
1784538216.967641,FABCEA8B-7EC8-2594-4879-2B3B63989660,ThermoBeacon2,,,,,,,
1784538222.041897,E697B52A-2E7F-D41E-BC4D-2D027CB38D0B,HAPPY BLÜTE,23.87,49.4,23.78,49.3,0,81,78
1784538222.041897,827482CC-A977-43D7-835E-8E8B6978E66A,growmaster-1d3c,,,,,32,25,60
1784538222.041897,C898B4F2-B452-7502-1A67-0536E77D49EA,sps,,,,,,,
1784538222.041897,FABCEA8B-7EC8-2594-4879-2B3B63989660,ThermoBeacon2,,,,,,,
1784538227.123281,E697B52A-2E7F-D41E-BC4D-2D027CB38D0B,HAPPY BLÜTE,23.89,49.45,23.77,49.27,0,81,78
1784538227.123281,827482CC-A977-43D7-835E-8E8B6978E66A,growmaster-1d3c,,,,,32,25,60
1784538227.123281,C898B4F2-B452-7502-1A67-0536E77D49EA,sps,,,,,,,
1784538227.123281,FABCEA8B-7EC8-2594-4879-2B3B63989660,ThermoBeacon2,,,,,,,
1784538232.195123,E697B52A-2E7F-D41E-BC4D-2D027CB38D0B,HAPPY BLÜTE,23.87,49.4,23.8,49.25,0,81,78
1784538232.195123,827482CC-A977-43D7-835E-8E8B6978E66A,growmaster-1d3c,,,,,32,25,60
1784538232.195123,C898B4F2-B452-7502-1A67-0536E77D49EA,sps,,,,,,,
1784538232.195123,FABCEA8B-7EC8-2594-4879-2B3B63989660,ThermoBeacon2,,,,,,,
1784538237.220947,E697B52A-2E7F-D41E-BC4D-2D027CB38D0B,HAPPY BLÜTE,23.86,49.44,23.78,49.25,0,81,78
1784538237.220947,827482CC-A977-43D7-835E-8E8B6978E66A,growmaster-1d3c,,,,,32,25,60
1784538237.220947,C898B4F2-B452-7502-1A67-0536E77D49EA,sps,,,,,,,
1784538237.220947,FABCEA8B-7EC8-2594-4879-2B3B63989660,ThermoBeacon2,,,,,,,
1784538242.282071,E697B52A-2E7F-D41E-BC4D-2D027CB38D0B,HAPPY BLÜTE,23.87,49.39,23.81,49.23,0,81,78
1784538242.282071,827482CC-A977-43D7-835E-8E8B6978E66A,growmaster-1d3c,,,,,32,25,60
1784538242.282071,C898B4F2-B452-7502-1A67-0536E77D49EA,sps,,,,,,,
1784538242.282071,FABCEA8B-7EC8-2594-4879-2B3B63989660,ThermoBeacon2,,,,,,,
1784538247.31609,E697B52A-2E7F-D41E-BC4D-2D027CB38D0B,HAPPY BLÜTE,23.9,49.4,23.78,49.25,0,81,78
1784538247.31609,827482CC-A977-43D7-835E-8E8B6978E66A,growmaster-1d3c,,,,,32,25,60
1784538247.31609,C898B4F2-B452-7502-1A67-0536E77D49EA,sps,,,,,,,
1784538247.31609,FABCEA8B-7EC8-2594-4879-2B3B63989660,ThermoBeacon2,,,,,,,
1784538252.368672,E697B52A-2E7F-D41E-BC4D-2D027CB38D0B,HAPPY BLÜTE,23.87,49.41,23.78,49.27,0,81,78
1784538252.368672,827482CC-A977-43D7-835E-8E8B6978E66A,growmaster-1d3c,,,,,32,25,60
1784538252.368672,C898B4F2-B452-7502-1A67-0536E77D49EA,sps,,,,,,,
1784538252.368672,FABCEA8B-7EC8-2594-4879-2B3B63989660,ThermoBeacon2,,,,,,,
1784538257.435359,E697B52A-2E7F-D41E-BC4D-2D027CB38D0B,HAPPY BLÜTE,23.89,49.43,23.8,49.24,0,81,78
1784538257.435359,827482CC-A977-43D7-835E-8E8B6978E66A,growmaster-1d3c,,,,,32,25,60
1784538257.435359,C898B4F2-B452-7502-1A67-0536E77D49EA,sps,,,,,,,
1784538257.435359,FABCEA8B-7EC8-2594-4879-2B3B63989660,ThermoBeacon2,,,,,,,
1784538262.52224,E697B52A-2E7F-D41E-BC4D-2D027CB38D0B,HAPPY BLÜTE,23.87,49.41,23.8,49.23,0,81,78
1784538262.52224,827482CC-A977-43D7-835E-8E8B6978E66A,growmaster-1d3c,,,,,32,25,60
1784538262.52224,C898B4F2-B452-7502-1A67-0536E77D49EA,sps,,,,,,,
1784538262.52224,FABCEA8B-7EC8-2594-4879-2B3B63989660,ThermoBeacon2,,,,,,,
1784538267.54075,E697B52A-2E7F-D41E-BC4D-2D027CB38D0B,HAPPY BLÜTE,23.89,49.41,23.8,49.29,0,81,78
1784538267.54075,827482CC-A977-43D7-835E-8E8B6978E66A,growmaster-1d3c,,,,,32,25,60
1784538267.54075,C898B4F2-B452-7502-1A67-0536E77D49EA,sps,,,,,,,
1784538267.54075,FABCEA8B-7EC8-2594-4879-2B3B63989660,ThermoBeacon2,,,,,,,
1784538272.637297,E697B52A-2E7F-D41E-BC4D-2D027CB38D0B,HAPPY BLÜTE,23.89,49.41,23.81,49.27,0,81,78
1784538272.637297,827482CC-A977-43D7-835E-8E8B6978E66A,growmaster-1d3c,,,,,32,25,60
1784538272.637297,C898B4F2-B452-7502-1A67-0536E77D49EA,sps,,,,,,,
1784538272.637297,FABCEA8B-7EC8-2594-4879-2B3B63989660,ThermoBeacon2,,,,,,,
1784538277.707901,E697B52A-2E7F-D41E-BC4D-2D027CB38D0B,HAPPY BLÜTE,23.87,49.43,23.81,49.3,0,81,78
1784538277.707901,827482CC-A977-43D7-835E-8E8B6978E66A,growmaster-1d3c,,,,,32,25,60
1784538277.707901,C898B4F2-B452-7502-1A67-0536E77D49EA,sps,,,,,,,
1784538277.707901,FABCEA8B-7EC8-2594-4879-2B3B63989660,ThermoBeacon2,,,,,,,
1784538282.728032,E697B52A-2E7F-D41E-BC4D-2D027CB38D0B,HAPPY BLÜTE,23.89,49.45,23.78,49.27,0,81,78
1784538282.728032,827482CC-A977-43D7-835E-8E8B6978E66A,growmaster-1d3c,,,,,32,25,60
1784538282.728032,C898B4F2-B452-7502-1A67-0536E77D49EA,sps,,,,,,,
1784538282.728032,FABCEA8B-7EC8-2594-4879-2B3B63989660,ThermoBeacon2,,,,,,,
1784538287.774267,E697B52A-2E7F-D41E-BC4D-2D027CB38D0B,HAPPY BLÜTE,23.87,49.45,23.77,49.24,0,81,78
1784538287.774267,827482CC-A977-43D7-835E-8E8B6978E66A,growmaster-1d3c,,,,,32,25,60
1784538287.774267,C898B4F2-B452-7502-1A67-0536E77D49EA,sps,,,,,,,
1784538287.774267,FABCEA8B-7EC8-2594-4879-2B3B63989660,ThermoBeacon2,,,,,,,
1784538292.825202,E697B52A-2E7F-D41E-BC4D-2D027CB38D0B,HAPPY BLÜTE,23.9,49.44,23.78,49.27,0,81,78
1784538292.825202,827482CC-A977-43D7-835E-8E8B6978E66A,growmaster-1d3c,,,,,32,25,60
1784538292.825202,C898B4F2-B452-7502-1A67-0536E77D49EA,sps,,,,,,,
1784538292.825202,FABCEA8B-7EC8-2594-4879-2B3B63989660,ThermoBeacon2,,,,,,,
1784538297.8112562,E697B52A-2E7F-D41E-BC4D-2D027CB38D0B,HAPPY BLÜTE,23.87,49.44,23.78,49.24,0,81,78
1784538297.8112562,827482CC-A977-43D7-835E-8E8B6978E66A,growmaster-1d3c,,,,,32,25,60
1784538297.8112562,C898B4F2-B452-7502-1A67-0536E77D49EA,sps,,,,,,,
1784538297.8112562,FABCEA8B-7EC8-2594-4879-2B3B63989660,ThermoBeacon2,,,,,,,
1784538302.856551,E697B52A-2E7F-D41E-BC4D-2D027CB38D0B,HAPPY BLÜTE,23.86,49.42,23.78,49.27,0,81,78
1784538302.856551,827482CC-A977-43D7-835E-8E8B6978E66A,growmaster-1d3c,,,,,32,25,60
1784538302.856551,C898B4F2-B452-7502-1A67-0536E77D49EA,sps,,,,,,,
1784538302.856551,FABCEA8B-7EC8-2594-4879-2B3B63989660,ThermoBeacon2,,,,,,,
1784538307.9453099,E697B52A-2E7F-D41E-BC4D-2D027CB38D0B,HAPPY BLÜTE,23.85,49.42,23.8,49.27,0,81,78
1784538307.9453099,827482CC-A977-43D7-835E-8E8B6978E66A,growmaster-1d3c,,,,,32,25,60
1784538307.9453099,C898B4F2-B452-7502-1A67-0536E77D49EA,sps,,,,,,,
1784538307.9453099,FABCEA8B-7EC8-2594-4879-2B3B63989660,ThermoBeacon2,,,,,,,
1784538313.047662,E697B52A-2E7F-D41E-BC4D-2D027CB38D0B,HAPPY BLÜTE,23.87,49.44,23.78,49.27,0,81,78
1784538313.047662,827482CC-A977-43D7-835E-8E8B6978E66A,growmaster-1d3c,,,,,32,25,60
1784538313.047662,C898B4F2-B452-7502-1A67-0536E77D49EA,sps,,,,,,,
1784538313.047662,FABCEA8B-7EC8-2594-4879-2B3B63989660,ThermoBeacon2,,,,,,,
1784538318.147965,E697B52A-2E7F-D41E-BC4D-2D027CB38D0B,HAPPY BLÜTE,23.86,49.4,23.78,49.27,0,81,78
1784538318.147965,827482CC-A977-43D7-835E-8E8B6978E66A,growmaster-1d3c,,,,,32,25,60
1784538318.147965,C898B4F2-B452-7502-1A67-0536E77D49EA,sps,,,,,,,
1784538318.147965,FABCEA8B-7EC8-2594-4879-2B3B63989660,ThermoBeacon2,,,,,,,
1784538323.213948,E697B52A-2E7F-D41E-BC4D-2D027CB38D0B,HAPPY BLÜTE,23.86,49.44,23.81,49.29,0,81,78
1784538323.213948,827482CC-A977-43D7-835E-8E8B6978E66A,growmaster-1d3c,,,,,32,25,60
1784538323.213948,C898B4F2-B452-7502-1A67-0536E77D49EA,sps,,,,,,,
1784538323.213948,FABCEA8B-7EC8-2594-4879-2B3B63989660,ThermoBeacon2,,,,,,,
1784538328.308718,E697B52A-2E7F-D41E-BC4D-2D027CB38D0B,HAPPY BLÜTE,23.87,49.46,23.78,49.29,0,81,78
1784538328.308718,827482CC-A977-43D7-835E-8E8B6978E66A,growmaster-1d3c,,,,,32,25,60
1784538328.308718,C898B4F2-B452-7502-1A67-0536E77D49EA,sps,,,,,,,
1784538328.308718,FABCEA8B-7EC8-2594-4879-2B3B63989660,ThermoBeacon2,,,,,,,
1784538333.404681,E697B52A-2E7F-D41E-BC4D-2D027CB38D0B,HAPPY BLÜTE,23.87,49.43,23.78,49.33,0,81,78
1784538333.404681,827482CC-A977-43D7-835E-8E8B6978E66A,growmaster-1d3c,,,,,32,25,60
1784538333.404681,C898B4F2-B452-7502-1A67-0536E77D49EA,sps,,,,,,,
1784538333.404681,FABCEA8B-7EC8-2594-4879-2B3B63989660,ThermoBeacon2,,,,,,,
1784538338.4576142,E697B52A-2E7F-D41E-BC4D-2D027CB38D0B,HAPPY BLÜTE,23.89,49.4,23.78,49.33,0,81,78
1784538338.4576142,827482CC-A977-43D7-835E-8E8B6978E66A,growmaster-1d3c,,,,,32,25,60
1784538338.4576142,C898B4F2-B452-7502-1A67-0536E77D49EA,sps,,,,,,,
1784538338.4576142,FABCEA8B-7EC8-2594-4879-2B3B63989660,ThermoBeacon2,,,,,,,
1784538343.522845,E697B52A-2E7F-D41E-BC4D-2D027CB38D0B,HAPPY BLÜTE,23.89,49.43,23.75,49.3,0,81,78
1784538343.522845,827482CC-A977-43D7-835E-8E8B6978E66A,growmaster-1d3c,,,,,32,25,60
1784538343.522845,C898B4F2-B452-7502-1A67-0536E77D49EA,sps,,,,,,,
1784538343.522845,FABCEA8B-7EC8-2594-4879-2B3B63989660,ThermoBeacon2,,,,,,,
1784538348.561547,E697B52A-2E7F-D41E-BC4D-2D027CB38D0B,HAPPY BLÜTE,23.87,49.44,23.78,49.33,0,81,78
1784538348.561547,827482CC-A977-43D7-835E-8E8B6978E66A,growmaster-1d3c,,,,,32,25,60
1784538348.561547,C898B4F2-B452-7502-1A67-0536E77D49EA,sps,,,,,,,
1784538348.561547,FABCEA8B-7EC8-2594-4879-2B3B63989660,ThermoBeacon2,,,,,,,
1784538353.632406,E697B52A-2E7F-D41E-BC4D-2D027CB38D0B,HAPPY BLÜTE,23.9,49.44,23.75,49.28,0,81,78
1784538353.632406,827482CC-A977-43D7-835E-8E8B6978E66A,growmaster-1d3c,,,,,32,25,60
1784538353.632406,C898B4F2-B452-7502-1A67-0536E77D49EA,sps,,,,,,,
1784538353.632406,FABCEA8B-7EC8-2594-4879-2B3B63989660,ThermoBeacon2,,,,,,,
1784538358.672429,E697B52A-2E7F-D41E-BC4D-2D027CB38D0B,HAPPY BLÜTE,23.87,49.46,23.77,49.28,0,81,78
1784538358.672429,827482CC-A977-43D7-835E-8E8B6978E66A,growmaster-1d3c,,,,,32,25,60
1784538358.672429,C898B4F2-B452-7502-1A67-0536E77D49EA,sps,,,,,,,
1784538358.672429,FABCEA8B-7EC8-2594-4879-2B3B63989660,ThermoBeacon2,,,,,,,
1784538363.6877031,E697B52A-2E7F-D41E-BC4D-2D027CB38D0B,HAPPY BLÜTE,23.89,49.43,23.78,49.3,0,81,78
1784538363.6877031,827482CC-A977-43D7-835E-8E8B6978E66A,growmaster-1d3c,,,,,32,25,60
1784538363.6877031,C898B4F2-B452-7502-1A67-0536E77D49EA,sps,,,,,,,
1784538363.6877031,FABCEA8B-7EC8-2594-4879-2B3B63989660,ThermoBeacon2,,,,,,,
1784538368.712194,E697B52A-2E7F-D41E-BC4D-2D027CB38D0B,HAPPY BLÜTE,23.87,49.47,23.8,49.31,0,81,78
1784538368.712194,827482CC-A977-43D7-835E-8E8B6978E66A,growmaster-1d3c,,,,,32,25,60
1784538368.712194,C898B4F2-B452-7502-1A67-0536E77D49EA,sps,,,,,,,
1784538368.712194,FABCEA8B-7EC8-2594-4879-2B3B63989660,ThermoBeacon2,,,,,,,
1784538373.816034,E697B52A-2E7F-D41E-BC4D-2D027CB38D0B,HAPPY BLÜTE,23.87,49.43,23.77,49.3,0,81,78
1784538373.816034,827482CC-A977-43D7-835E-8E8B6978E66A,growmaster-1d3c,,,,,32,25,60
1784538373.816034,C898B4F2-B452-7502-1A67-0536E77D49EA,sps,,,,,,,
1784538373.816034,FABCEA8B-7EC8-2594-4879-2B3B63989660,ThermoBeacon2,,,,,,,
1784538378.832675,E697B52A-2E7F-D41E-BC4D-2D027CB38D0B,HAPPY BLÜTE,23.89,49.44,23.78,49.31,0,81,78
1784538378.832675,827482CC-A977-43D7-835E-8E8B6978E66A,growmaster-1d3c,,,,,32,25,60
1784538378.832675,C898B4F2-B452-7502-1A67-0536E77D49EA,sps,,,,,,,
1784538378.832675,FABCEA8B-7EC8-2594-4879-2B3B63989660,ThermoBeacon2,,,,,,,
1784538383.909355,E697B52A-2E7F-D41E-BC4D-2D027CB38D0B,HAPPY BLÜTE,23.9,49.44,23.78,49.3,0,81,78
1784538383.909355,827482CC-A977-43D7-835E-8E8B6978E66A,growmaster-1d3c,,,,,32,25,60
1784538383.909355,C898B4F2-B452-7502-1A67-0536E77D49EA,sps,,,,,,,
1784538383.909355,FABCEA8B-7EC8-2594-4879-2B3B63989660,ThermoBeacon2,,,,,,,
1784538389.015393,E697B52A-2E7F-D41E-BC4D-2D027CB38D0B,HAPPY BLÜTE,23.89,49.43,23.78,49.33,0,81,78
1784538389.015393,827482CC-A977-43D7-835E-8E8B6978E66A,growmaster-1d3c,,,,,32,25,60
1784538389.015393,C898B4F2-B452-7502-1A67-0536E77D49EA,sps,,,,,,,
1784538389.015393,FABCEA8B-7EC8-2594-4879-2B3B63989660,ThermoBeacon2,,,,,,,
1784538394.026798,E697B52A-2E7F-D41E-BC4D-2D027CB38D0B,HAPPY BLÜTE,23.87,49.45,23.8,49.29,0,81,78
1784538394.026798,827482CC-A977-43D7-835E-8E8B6978E66A,growmaster-1d3c,,,,,32,25,60
1784538394.026798,C898B4F2-B452-7502-1A67-0536E77D49EA,sps,,,,,,,
1784538394.026798,FABCEA8B-7EC8-2594-4879-2B3B63989660,ThermoBeacon2,,,,,,,
1784538399.128889,E697B52A-2E7F-D41E-BC4D-2D027CB38D0B,HAPPY BLÜTE,23.85,49.43,23.77,49.3,0,81,78
1784538399.128889,827482CC-A977-43D7-835E-8E8B6978E66A,growmaster-1d3c,,,,,32,25,60
1784538399.128889,C898B4F2-B452-7502-1A67-0536E77D49EA,sps,,,,,,,
1784538399.128889,FABCEA8B-7EC8-2594-4879-2B3B63989660,ThermoBeacon2,,,,,,,
1784538404.1459851,E697B52A-2E7F-D41E-BC4D-2D027CB38D0B,HAPPY BLÜTE,23.89,49.43,23.77,49.33,0,81,78
1784538404.1459851,827482CC-A977-43D7-835E-8E8B6978E66A,growmaster-1d3c,,,,,32,25,60
1784538404.1459851,C898B4F2-B452-7502-1A67-0536E77D49EA,sps,,,,,,,
1784538404.1459851,FABCEA8B-7EC8-2594-4879-2B3B63989660,ThermoBeacon2,,,,,,,
1784538409.21683,E697B52A-2E7F-D41E-BC4D-2D027CB38D0B,HAPPY BLÜTE,23.89,49.45,23.78,49.3,0,81,78
1784538409.21683,827482CC-A977-43D7-835E-8E8B6978E66A,growmaster-1d3c,,,,,32,25,60
1784538409.21683,C898B4F2-B452-7502-1A67-0536E77D49EA,sps,,,,,,,
1784538409.21683,FABCEA8B-7EC8-2594-4879-2B3B63989660,ThermoBeacon2,,,,,,,
1784538414.330643,E697B52A-2E7F-D41E-BC4D-2D027CB38D0B,HAPPY BLÜTE,23.89,49.43,23.78,49.26,0,81,78
1784538414.330643,827482CC-A977-43D7-835E-8E8B6978E66A,growmaster-1d3c,,,,,32,25,60
1784538414.330643,C898B4F2-B452-7502-1A67-0536E77D49EA,sps,,,,,,,
1784538414.330643,FABCEA8B-7EC8-2594-4879-2B3B63989660,ThermoBeacon2,,,,,,,
1784538419.3802948,E697B52A-2E7F-D41E-BC4D-2D027CB38D0B,HAPPY BLÜTE,23.89,49.46,23.78,49.31,0,81,78
1784538419.3802948,827482CC-A977-43D7-835E-8E8B6978E66A,growmaster-1d3c,,,,,32,25,60
1784538419.3802948,C898B4F2-B452-7502-1A67-0536E77D49EA,sps,,,,,,,
1784538419.3802948,FABCEA8B-7EC8-2594-4879-2B3B63989660,ThermoBeacon2,,,,,,,
1784538424.404083,E697B52A-2E7F-D41E-BC4D-2D027CB38D0B,HAPPY BLÜTE,23.89,49.43,23.77,49.31,0,81,78
1784538424.404083,827482CC-A977-43D7-835E-8E8B6978E66A,growmaster-1d3c,,,,,32,25,60
1784538424.404083,C898B4F2-B452-7502-1A67-0536E77D49EA,sps,,,,,,,
1784538424.404083,FABCEA8B-7EC8-2594-4879-2B3B63989660,ThermoBeacon2,,,,,,,
1784538429.511355,E697B52A-2E7F-D41E-BC4D-2D027CB38D0B,HAPPY BLÜTE,23.89,49.43,23.78,49.33,0,81,78
1784538429.511355,827482CC-A977-43D7-835E-8E8B6978E66A,growmaster-1d3c,,,,,32,25,60
1784538429.511355,C898B4F2-B452-7502-1A67-0536E77D49EA,sps,,,,,,,
1784538429.511355,FABCEA8B-7EC8-2594-4879-2B3B63989660,ThermoBeacon2,,,,,,,
1784538434.528645,E697B52A-2E7F-D41E-BC4D-2D027CB38D0B,HAPPY BLÜTE,23.87,49.45,23.77,49.29,0,81,78
1784538434.528645,827482CC-A977-43D7-835E-8E8B6978E66A,growmaster-1d3c,,,,,32,25,60
1784538434.528645,C898B4F2-B452-7502-1A67-0536E77D49EA,sps,,,,,,,
1784538434.528645,FABCEA8B-7EC8-2594-4879-2B3B63989660,ThermoBeacon2,,,,,,,
1784538439.646465,E697B52A-2E7F-D41E-BC4D-2D027CB38D0B,HAPPY BLÜTE,23.87,49.41,23.8,49.34,0,81,78
1784538439.646465,827482CC-A977-43D7-835E-8E8B6978E66A,growmaster-1d3c,,,,,32,25,60
1784538439.646465,C898B4F2-B452-7502-1A67-0536E77D49EA,sps,,,,,,,
1784538439.646465,FABCEA8B-7EC8-2594-4879-2B3B63989660,ThermoBeacon2,,,,,,,
1784538444.703038,E697B52A-2E7F-D41E-BC4D-2D027CB38D0B,HAPPY BLÜTE,23.87,49.4,23.77,49.32,0,81,78
1784538444.703038,827482CC-A977-43D7-835E-8E8B6978E66A,growmaster-1d3c,,,,,32,25,60
1784538444.703038,C898B4F2-B452-7502-1A67-0536E77D49EA,sps,,,,,,,
1784538444.703038,FABCEA8B-7EC8-2594-4879-2B3B63989660,ThermoBeacon2,,,,,,,
1784538449.718694,E697B52A-2E7F-D41E-BC4D-2D027CB38D0B,HAPPY BLÜTE,23.89,49.41,23.77,49.3,0,81,78
1784538449.718694,827482CC-A977-43D7-835E-8E8B6978E66A,growmaster-1d3c,,,,,32,25,60
1784538449.718694,C898B4F2-B452-7502-1A67-0536E77D49EA,sps,,,,,,,
1784538449.718694,FABCEA8B-7EC8-2594-4879-2B3B63989660,ThermoBeacon2,,,,,,,
1784538454.831918,E697B52A-2E7F-D41E-BC4D-2D027CB38D0B,HAPPY BLÜTE,23.86,49.4,23.78,49.27,0,81,78
1784538454.831918,827482CC-A977-43D7-835E-8E8B6978E66A,growmaster-1d3c,,,,,32,25,60
1784538454.831918,C898B4F2-B452-7502-1A67-0536E77D49EA,sps,,,,,,,
1784538454.831918,FABCEA8B-7EC8-2594-4879-2B3B63989660,ThermoBeacon2,,,,,,,
1784538459.874933,E697B52A-2E7F-D41E-BC4D-2D027CB38D0B,HAPPY BLÜTE,23.89,49.4,23.77,49.28,0,81,78
1784538459.874933,827482CC-A977-43D7-835E-8E8B6978E66A,growmaster-1d3c,,,,,32,25,60
1784538459.874933,C898B4F2-B452-7502-1A67-0536E77D49EA,sps,,,,,,,
1784538459.874933,FABCEA8B-7EC8-2594-4879-2B3B63989660,ThermoBeacon2,,,,,,,
1784538464.919082,E697B52A-2E7F-D41E-BC4D-2D027CB38D0B,HAPPY BLÜTE,23.87,49.43,23.8,49.24,0,81,78
1784538464.919082,827482CC-A977-43D7-835E-8E8B6978E66A,growmaster-1d3c,,,,,32,25,60
1784538464.919082,C898B4F2-B452-7502-1A67-0536E77D49EA,sps,,,,,,,
1784538464.919082,FABCEA8B-7EC8-2594-4879-2B3B63989660,ThermoBeacon2,,,,,,,
1784538469.9277189,E697B52A-2E7F-D41E-BC4D-2D027CB38D0B,HAPPY BLÜTE,23.87,49.43,23.78,49.23,0,81,78
1784538469.9277189,827482CC-A977-43D7-835E-8E8B6978E66A,growmaster-1d3c,,,,,32,25,60
1784538469.9277189,C898B4F2-B452-7502-1A67-0536E77D49EA,sps,,,,,,,
1784538469.9277189,FABCEA8B-7EC8-2594-4879-2B3B63989660,ThermoBeacon2,,,,,,,
1784538474.955487,E697B52A-2E7F-D41E-BC4D-2D027CB38D0B,HAPPY BLÜTE,23.87,49.47,23.77,49.25,0,81,78
1784538474.955487,827482CC-A977-43D7-835E-8E8B6978E66A,growmaster-1d3c,,,,,32,25,60
1784538474.955487,C898B4F2-B452-7502-1A67-0536E77D49EA,sps,,,,,,,
1784538474.955487,FABCEA8B-7EC8-2594-4879-2B3B63989660,ThermoBeacon2,,,,,,,
1784538480.008471,E697B52A-2E7F-D41E-BC4D-2D027CB38D0B,HAPPY BLÜTE,23.86,49.44,23.78,49.28,0,81,78
1784538480.008471,827482CC-A977-43D7-835E-8E8B6978E66A,growmaster-1d3c,,,,,32,25,60
1784538480.008471,C898B4F2-B452-7502-1A67-0536E77D49EA,sps,,,,,,,
1784538480.008471,FABCEA8B-7EC8-2594-4879-2B3B63989660,ThermoBeacon2,,,,,,,
1784538485.106095,E697B52A-2E7F-D41E-BC4D-2D027CB38D0B,HAPPY BLÜTE,23.87,49.41,23.77,49.31,0,81,78
1784538485.106095,827482CC-A977-43D7-835E-8E8B6978E66A,growmaster-1d3c,,,,,32,25,60
1784538485.106095,C898B4F2-B452-7502-1A67-0536E77D49EA,sps,,,,,,,
1784538485.106095,FABCEA8B-7EC8-2594-4879-2B3B63989660,ThermoBeacon2,,,,,,,
1784538490.16051,E697B52A-2E7F-D41E-BC4D-2D027CB38D0B,HAPPY BLÜTE,23.86,49.4,23.77,49.31,0,81,78
1784538490.16051,827482CC-A977-43D7-835E-8E8B6978E66A,growmaster-1d3c,,,,,32,25,60
1784538490.16051,C898B4F2-B452-7502-1A67-0536E77D49EA,sps,,,,,,,
1784538490.16051,FABCEA8B-7EC8-2594-4879-2B3B63989660,ThermoBeacon2,,,,,,,
1784538495.238181,E697B52A-2E7F-D41E-BC4D-2D027CB38D0B,HAPPY BLÜTE,23.86,49.39,23.78,49.26,0,81,78
1784538495.238181,827482CC-A977-43D7-835E-8E8B6978E66A,growmaster-1d3c,,,,,32,25,60
1784538495.238181,C898B4F2-B452-7502-1A67-0536E77D49EA,sps,,,,,,,
1784538495.238181,FABCEA8B-7EC8-2594-4879-2B3B63989660,ThermoBeacon2,,,,,,,
1784538500.315128,E697B52A-2E7F-D41E-BC4D-2D027CB38D0B,HAPPY BLÜTE,23.86,49.41,23.78,49.34,0,81,78
1784538500.315128,827482CC-A977-43D7-835E-8E8B6978E66A,growmaster-1d3c,,,,,32,25,60
1784538500.315128,C898B4F2-B452-7502-1A67-0536E77D49EA,sps,,,,,,,
1784538500.315128,FABCEA8B-7EC8-2594-4879-2B3B63989660,ThermoBeacon2,,,,,,,
1784538505.349061,E697B52A-2E7F-D41E-BC4D-2D027CB38D0B,HAPPY BLÜTE,23.87,49.34,23.74,49.27,0,81,78
1784538505.349061,827482CC-A977-43D7-835E-8E8B6978E66A,growmaster-1d3c,,,,,32,25,60
1784538505.349061,C898B4F2-B452-7502-1A67-0536E77D49EA,sps,,,,,,,
1784538505.349061,FABCEA8B-7EC8-2594-4879-2B3B63989660,ThermoBeacon2,,,,,,,
1784538510.426534,E697B52A-2E7F-D41E-BC4D-2D027CB38D0B,HAPPY BLÜTE,23.89,49.37,23.75,49.31,0,81,78
1784538510.426534,827482CC-A977-43D7-835E-8E8B6978E66A,growmaster-1d3c,,,,,32,25,60
1784538510.426534,C898B4F2-B452-7502-1A67-0536E77D49EA,sps,,,,,,,
1784538510.426534,FABCEA8B-7EC8-2594-4879-2B3B63989660,ThermoBeacon2,,,,,,,
1784538515.493804,E697B52A-2E7F-D41E-BC4D-2D027CB38D0B,HAPPY BLÜTE,23.85,49.41,23.77,49.32,0,81,78
1784538515.493804,827482CC-A977-43D7-835E-8E8B6978E66A,growmaster-1d3c,,,,,32,25,60
1784538515.493804,C898B4F2-B452-7502-1A67-0536E77D49EA,sps,,,,,,,
1784538515.493804,FABCEA8B-7EC8-2594-4879-2B3B63989660,ThermoBeacon2,,,,,,,
1784538520.573657,E697B52A-2E7F-D41E-BC4D-2D027CB38D0B,HAPPY BLÜTE,23.87,49.4,23.77,49.33,0,81,78
1784538520.573657,827482CC-A977-43D7-835E-8E8B6978E66A,growmaster-1d3c,,,,,32,25,60
1784538520.573657,C898B4F2-B452-7502-1A67-0536E77D49EA,sps,,,,,,,
1784538520.573657,FABCEA8B-7EC8-2594-4879-2B3B63989660,ThermoBeacon2,,,,,,,
1784538525.622646,E697B52A-2E7F-D41E-BC4D-2D027CB38D0B,HAPPY BLÜTE,23.87,49.4,23.77,49.33,0,81,78
1784538525.622646,827482CC-A977-43D7-835E-8E8B6978E66A,growmaster-1d3c,,,,,32,25,60
1784538525.622646,C898B4F2-B452-7502-1A67-0536E77D49EA,sps,,,,,,,
1784538525.622646,FABCEA8B-7EC8-2594-4879-2B3B63989660,ThermoBeacon2,,,,,,,
1784538530.6984901,E697B52A-2E7F-D41E-BC4D-2D027CB38D0B,HAPPY BLÜTE,23.87,49.44,23.78,49.36,0,81,78
1784538530.6984901,827482CC-A977-43D7-835E-8E8B6978E66A,growmaster-1d3c,,,,,32,25,60
1784538530.6984901,C898B4F2-B452-7502-1A67-0536E77D49EA,sps,,,,,,,
1784538530.6984901,FABCEA8B-7EC8-2594-4879-2B3B63989660,ThermoBeacon2,,,,,,,
1784538535.801857,E697B52A-2E7F-D41E-BC4D-2D027CB38D0B,HAPPY BLÜTE,23.9,49.45,23.74,49.33,0,81,78
1784538535.801857,827482CC-A977-43D7-835E-8E8B6978E66A,growmaster-1d3c,,,,,32,25,60
1784538535.801857,C898B4F2-B452-7502-1A67-0536E77D49EA,sps,,,,,,,
1784538535.801857,FABCEA8B-7EC8-2594-4879-2B3B63989660,ThermoBeacon2,,,,,,,
1784538540.873367,E697B52A-2E7F-D41E-BC4D-2D027CB38D0B,HAPPY BLÜTE,23.89,49.43,23.77,49.32,0,81,78
1784538540.873367,827482CC-A977-43D7-835E-8E8B6978E66A,growmaster-1d3c,,,,,32,25,60
1784538540.873367,C898B4F2-B452-7502-1A67-0536E77D49EA,sps,,,,,,,
1784538540.873367,FABCEA8B-7EC8-2594-4879-2B3B63989660,ThermoBeacon2,,,,,,,
1784538545.93011,E697B52A-2E7F-D41E-BC4D-2D027CB38D0B,HAPPY BLÜTE,23.85,49.42,23.77,49.32,0,81,78
1784538545.93011,827482CC-A977-43D7-835E-8E8B6978E66A,growmaster-1d3c,,,,,32,25,60
1784538545.93011,C898B4F2-B452-7502-1A67-0536E77D49EA,sps,,,,,,,
1784538545.93011,FABCEA8B-7EC8-2594-4879-2B3B63989660,ThermoBeacon2,,,,,,,
1784538550.996097,E697B52A-2E7F-D41E-BC4D-2D027CB38D0B,HAPPY BLÜTE,23.9,49.4,23.77,49.29,0,81,78
1784538550.996097,827482CC-A977-43D7-835E-8E8B6978E66A,growmaster-1d3c,,,,,32,25,60
1784538550.996097,C898B4F2-B452-7502-1A67-0536E77D49EA,sps,,,,,,,
1784538550.996097,FABCEA8B-7EC8-2594-4879-2B3B63989660,ThermoBeacon2,,,,,,,
1784538556.013045,E697B52A-2E7F-D41E-BC4D-2D027CB38D0B,HAPPY BLÜTE,23.86,49.41,23.8,49.27,0,81,78
1784538556.013045,827482CC-A977-43D7-835E-8E8B6978E66A,growmaster-1d3c,,,,,32,25,60
1784538556.013045,C898B4F2-B452-7502-1A67-0536E77D49EA,sps,,,,,,,
1784538556.013045,FABCEA8B-7EC8-2594-4879-2B3B63989660,ThermoBeacon2,,,,,,,
1784538561.043478,E697B52A-2E7F-D41E-BC4D-2D027CB38D0B,HAPPY BLÜTE,23.87,49.37,23.78,49.33,0,81,78
1784538561.043478,827482CC-A977-43D7-835E-8E8B6978E66A,growmaster-1d3c,,,,,32,25,60
1784538561.043478,C898B4F2-B452-7502-1A67-0536E77D49EA,sps,,,,,,,
1784538561.043478,FABCEA8B-7EC8-2594-4879-2B3B63989660,ThermoBeacon2,,,,,,,
1784538566.097246,E697B52A-2E7F-D41E-BC4D-2D027CB38D0B,HAPPY BLÜTE,23.87,49.42,23.8,49.27,0,81,78
1784538566.097246,827482CC-A977-43D7-835E-8E8B6978E66A,growmaster-1d3c,,,,,32,25,60
1784538566.097246,C898B4F2-B452-7502-1A67-0536E77D49EA,sps,,,,,,,
1784538566.097246,FABCEA8B-7EC8-2594-4879-2B3B63989660,ThermoBeacon2,,,,,,,
1784538571.17929,E697B52A-2E7F-D41E-BC4D-2D027CB38D0B,HAPPY BLÜTE,23.87,49.4,23.78,49.27,0,81,78
1784538571.17929,827482CC-A977-43D7-835E-8E8B6978E66A,growmaster-1d3c,,,,,32,25,60
1784538571.17929,C898B4F2-B452-7502-1A67-0536E77D49EA,sps,,,,,,,
1784538571.17929,FABCEA8B-7EC8-2594-4879-2B3B63989660,ThermoBeacon2,,,,,,,
1784538576.1655629,E697B52A-2E7F-D41E-BC4D-2D027CB38D0B,HAPPY BLÜTE,23.87,49.38,23.77,49.29,0,81,78
1784538576.1655629,827482CC-A977-43D7-835E-8E8B6978E66A,growmaster-1d3c,,,,,32,25,60
1784538576.1655629,C898B4F2-B452-7502-1A67-0536E77D49EA,sps,,,,,,,
1784538576.1655629,FABCEA8B-7EC8-2594-4879-2B3B63989660,ThermoBeacon2,,,,,,,
1784538581.24524,E697B52A-2E7F-D41E-BC4D-2D027CB38D0B,HAPPY BLÜTE,23.87,49.39,23.78,49.27,0,81,78
1784538581.24524,827482CC-A977-43D7-835E-8E8B6978E66A,growmaster-1d3c,,,,,32,25,60
1784538581.24524,C898B4F2-B452-7502-1A67-0536E77D49EA,sps,,,,,,,
1784538581.24524,FABCEA8B-7EC8-2594-4879-2B3B63989660,ThermoBeacon2,,,,,,,
1784538586.326391,E697B52A-2E7F-D41E-BC4D-2D027CB38D0B,HAPPY BLÜTE,23.87,49.34,23.78,49.27,0,81,78
1784538586.326391,827482CC-A977-43D7-835E-8E8B6978E66A,growmaster-1d3c,,,,,32,25,60
1784538586.326391,C898B4F2-B452-7502-1A67-0536E77D49EA,sps,,,,,,,
1784538586.326391,FABCEA8B-7EC8-2594-4879-2B3B63989660,ThermoBeacon2,,,,,,,
1784538591.4332008,E697B52A-2E7F-D41E-BC4D-2D027CB38D0B,HAPPY BLÜTE,23.87,49.34,23.77,49.3,0,81,78
1784538591.4332008,827482CC-A977-43D7-835E-8E8B6978E66A,growmaster-1d3c,,,,,32,25,60
1784538591.4332008,C898B4F2-B452-7502-1A67-0536E77D49EA,sps,,,,,,,
1784538591.4332008,FABCEA8B-7EC8-2594-4879-2B3B63989660,ThermoBeacon2,,,,,,,
1784538596.474541,E697B52A-2E7F-D41E-BC4D-2D027CB38D0B,HAPPY BLÜTE,23.87,49.32,23.78,49.25,0,81,78
1784538596.474541,827482CC-A977-43D7-835E-8E8B6978E66A,growmaster-1d3c,,,,,32,25,60
1784538596.474541,C898B4F2-B452-7502-1A67-0536E77D49EA,sps,,,,,,,
1784538596.474541,FABCEA8B-7EC8-2594-4879-2B3B63989660,ThermoBeacon2,,,,,,,
1784538601.521191,E697B52A-2E7F-D41E-BC4D-2D027CB38D0B,HAPPY BLÜTE,23.89,49.29,23.75,49.28,0,81,78
1784538601.521191,827482CC-A977-43D7-835E-8E8B6978E66A,growmaster-1d3c,,,,,32,25,60
1784538601.521191,C898B4F2-B452-7502-1A67-0536E77D49EA,sps,,,,,,,
1784538601.521191,FABCEA8B-7EC8-2594-4879-2B3B63989660,ThermoBeacon2,,,,,,,
1784538606.522733,E697B52A-2E7F-D41E-BC4D-2D027CB38D0B,HAPPY BLÜTE,23.87,49.3,23.8,49.27,0,81,78
1784538606.522733,827482CC-A977-43D7-835E-8E8B6978E66A,growmaster-1d3c,,,,,32,25,60
1784538606.522733,C898B4F2-B452-7502-1A67-0536E77D49EA,sps,,,,,,,
1784538606.522733,FABCEA8B-7EC8-2594-4879-2B3B63989660,ThermoBeacon2,,,,,,,
1784538611.528907,E697B52A-2E7F-D41E-BC4D-2D027CB38D0B,HAPPY BLÜTE,23.87,49.29,23.77,49.26,0,81,78
1784538611.528907,827482CC-A977-43D7-835E-8E8B6978E66A,growmaster-1d3c,,,,,32,25,60
1784538611.528907,C898B4F2-B452-7502-1A67-0536E77D49EA,sps,,,,,,,
1784538611.528907,FABCEA8B-7EC8-2594-4879-2B3B63989660,ThermoBeacon2,,,,,,,
1784538616.625468,E697B52A-2E7F-D41E-BC4D-2D027CB38D0B,HAPPY BLÜTE,23.87,49.29,23.77,49.26,0,81,78
1784538616.625468,827482CC-A977-43D7-835E-8E8B6978E66A,growmaster-1d3c,,,,,32,25,60
1784538616.625468,C898B4F2-B452-7502-1A67-0536E77D49EA,sps,,,,,,,
1784538616.625468,FABCEA8B-7EC8-2594-4879-2B3B63989660,ThermoBeacon2,,,,,,,
1784538621.627973,E697B52A-2E7F-D41E-BC4D-2D027CB38D0B,HAPPY BLÜTE,23.87,49.28,23.77,49.24,0,81,78
1784538621.627973,827482CC-A977-43D7-835E-8E8B6978E66A,growmaster-1d3c,,,,,32,25,60
1784538621.627973,C898B4F2-B452-7502-1A67-0536E77D49EA,sps,,,,,,,
1784538621.627973,FABCEA8B-7EC8-2594-4879-2B3B63989660,ThermoBeacon2,,,,,,,
1784538626.689417,E697B52A-2E7F-D41E-BC4D-2D027CB38D0B,HAPPY BLÜTE,23.85,49.25,23.77,49.23,0,81,78
1784538626.689417,827482CC-A977-43D7-835E-8E8B6978E66A,growmaster-1d3c,,,,,32,25,60
1784538626.689417,C898B4F2-B452-7502-1A67-0536E77D49EA,sps,,,,,,,
1784538626.689417,FABCEA8B-7EC8-2594-4879-2B3B63989660,ThermoBeacon2,,,,,,,
1784538631.736992,E697B52A-2E7F-D41E-BC4D-2D027CB38D0B,HAPPY BLÜTE,23.85,49.25,23.77,49.23,0,81,78
1784538631.736992,827482CC-A977-43D7-835E-8E8B6978E66A,growmaster-1d3c,,,,,32,25,60
1784538631.736992,C898B4F2-B452-7502-1A67-0536E77D49EA,sps,,,,,,,
1784538631.736992,FABCEA8B-7EC8-2594-4879-2B3B63989660,ThermoBeacon2,,,,,,,
1784538636.835226,E697B52A-2E7F-D41E-BC4D-2D027CB38D0B,HAPPY BLÜTE,23.86,49.26,23.75,49.27,0,81,78
1784538636.835226,827482CC-A977-43D7-835E-8E8B6978E66A,growmaster-1d3c,,,,,32,25,60
1784538636.835226,C898B4F2-B452-7502-1A67-0536E77D49EA,sps,,,,,,,
1784538636.835226,FABCEA8B-7EC8-2594-4879-2B3B63989660,ThermoBeacon2,,,,,,,
1784538641.9378078,E697B52A-2E7F-D41E-BC4D-2D027CB38D0B,HAPPY BLÜTE,23.87,49.28,23.77,49.23,0,81,78
1784538641.9378078,827482CC-A977-43D7-835E-8E8B6978E66A,growmaster-1d3c,,,,,32,25,60
1784538641.9378078,C898B4F2-B452-7502-1A67-0536E77D49EA,sps,,,,,,,
1784538641.9378078,FABCEA8B-7EC8-2594-4879-2B3B63989660,ThermoBeacon2,,,,,,,
1784538646.941278,E697B52A-2E7F-D41E-BC4D-2D027CB38D0B,HAPPY BLÜTE,23.87,49.28,23.77,49.21,0,81,78
1784538646.941278,827482CC-A977-43D7-835E-8E8B6978E66A,growmaster-1d3c,,,,,32,25,60
1784538646.941278,C898B4F2-B452-7502-1A67-0536E77D49EA,sps,,,,,,,
1784538646.941278,FABCEA8B-7EC8-2594-4879-2B3B63989660,ThermoBeacon2,,,,,,,
1784538651.9416802,E697B52A-2E7F-D41E-BC4D-2D027CB38D0B,HAPPY BLÜTE,23.87,49.24,23.78,49.19,0,81,78
1784538651.9416802,827482CC-A977-43D7-835E-8E8B6978E66A,growmaster-1d3c,,,,,32,25,60
1784538651.9416802,C898B4F2-B452-7502-1A67-0536E77D49EA,sps,,,,,,,
1784538651.9416802,FABCEA8B-7EC8-2594-4879-2B3B63989660,ThermoBeacon2,,,,,,,
1784538656.961471,E697B52A-2E7F-D41E-BC4D-2D027CB38D0B,HAPPY BLÜTE,23.87,49.28,23.74,49.16,0,81,78
1784538656.961471,827482CC-A977-43D7-835E-8E8B6978E66A,growmaster-1d3c,,,,,32,25,60
1784538656.961471,C898B4F2-B452-7502-1A67-0536E77D49EA,sps,,,,,,,
1784538656.961471,FABCEA8B-7EC8-2594-4879-2B3B63989660,ThermoBeacon2,,,,,,,
1784538662.036635,E697B52A-2E7F-D41E-BC4D-2D027CB38D0B,HAPPY BLÜTE,23.9,49.23,23.75,49.14,0,81,78
1784538662.036635,827482CC-A977-43D7-835E-8E8B6978E66A,growmaster-1d3c,,,,,32,25,60
1784538662.036635,C898B4F2-B452-7502-1A67-0536E77D49EA,sps,,,,,,,
1784538662.036635,FABCEA8B-7EC8-2594-4879-2B3B63989660,ThermoBeacon2,,,,,,,
1784538667.047262,E697B52A-2E7F-D41E-BC4D-2D027CB38D0B,HAPPY BLÜTE,23.9,49.23,23.75,49.14,0,81,78
1784538667.047262,827482CC-A977-43D7-835E-8E8B6978E66A,growmaster-1d3c,,,,,32,25,60
1784538667.047262,C898B4F2-B452-7502-1A67-0536E77D49EA,sps,,,,,,,
1784538667.047262,FABCEA8B-7EC8-2594-4879-2B3B63989660,ThermoBeacon2,,,,,,,
1784538672.165465,E697B52A-2E7F-D41E-BC4D-2D027CB38D0B,HAPPY BLÜTE,23.86,49.24,23.75,49.09,0,81,78
1784538672.165465,827482CC-A977-43D7-835E-8E8B6978E66A,growmaster-1d3c,,,,,32,25,60
1784538672.165465,C898B4F2-B452-7502-1A67-0536E77D49EA,sps,,,,,,,
1784538672.165465,FABCEA8B-7EC8-2594-4879-2B3B63989660,ThermoBeacon2,,,,,,,
1784538677.219388,E697B52A-2E7F-D41E-BC4D-2D027CB38D0B,HAPPY BLÜTE,23.86,49.21,23.77,49.11,0,81,78
1784538677.219388,827482CC-A977-43D7-835E-8E8B6978E66A,growmaster-1d3c,,,,,32,25,60
1784538677.219388,C898B4F2-B452-7502-1A67-0536E77D49EA,sps,,,,,,,
1784538677.219388,FABCEA8B-7EC8-2594-4879-2B3B63989660,ThermoBeacon2,,,,,,,
1784538682.307508,E697B52A-2E7F-D41E-BC4D-2D027CB38D0B,HAPPY BLÜTE,23.86,49.22,23.78,49.1,0,81,78
1784538682.307508,827482CC-A977-43D7-835E-8E8B6978E66A,growmaster-1d3c,,,,,32,25,60
1784538682.307508,C898B4F2-B452-7502-1A67-0536E77D49EA,sps,,,,,,,
1784538682.307508,FABCEA8B-7EC8-2594-4879-2B3B63989660,ThermoBeacon2,,,,,,,
1784538687.3995562,E697B52A-2E7F-D41E-BC4D-2D027CB38D0B,HAPPY BLÜTE,23.86,49.19,23.78,49.06,0,81,78
1784538687.3995562,827482CC-A977-43D7-835E-8E8B6978E66A,growmaster-1d3c,,,,,32,25,60
1784538687.3995562,C898B4F2-B452-7502-1A67-0536E77D49EA,sps,,,,,,,
1784538687.3995562,FABCEA8B-7EC8-2594-4879-2B3B63989660,ThermoBeacon2,,,,,,,
1784538692.424035,E697B52A-2E7F-D41E-BC4D-2D027CB38D0B,HAPPY BLÜTE,23.87,49.19,23.77,49.08,0,81,78
1784538692.424035,827482CC-A977-43D7-835E-8E8B6978E66A,growmaster-1d3c,,,,,32,25,60
1784538692.424035,C898B4F2-B452-7502-1A67-0536E77D49EA,sps,,,,,,,
1784538692.424035,FABCEA8B-7EC8-2594-4879-2B3B63989660,ThermoBeacon2,,,,,,,
1784538697.5028758,E697B52A-2E7F-D41E-BC4D-2D027CB38D0B,HAPPY BLÜTE,23.87,49.18,23.78,49.02,0,81,78
1784538697.5028758,827482CC-A977-43D7-835E-8E8B6978E66A,growmaster-1d3c,,,,,32,25,60
1784538697.5028758,C898B4F2-B452-7502-1A67-0536E77D49EA,sps,,,,,,,
1784538697.5028758,FABCEA8B-7EC8-2594-4879-2B3B63989660,ThermoBeacon2,,,,,,,
1784538702.543183,E697B52A-2E7F-D41E-BC4D-2D027CB38D0B,HAPPY BLÜTE,23.85,49.16,23.75,49.03,0,81,78
1784538702.543183,827482CC-A977-43D7-835E-8E8B6978E66A,growmaster-1d3c,,,,,32,25,60
1784538702.543183,C898B4F2-B452-7502-1A67-0536E77D49EA,sps,,,,,,,
1784538702.543183,FABCEA8B-7EC8-2594-4879-2B3B63989660,ThermoBeacon2,,,,,,,
1784538707.617128,E697B52A-2E7F-D41E-BC4D-2D027CB38D0B,HAPPY BLÜTE,23.85,49.15,23.75,49.07,0,81,78
1784538707.617128,827482CC-A977-43D7-835E-8E8B6978E66A,growmaster-1d3c,,,,,32,25,60
1784538707.617128,C898B4F2-B452-7502-1A67-0536E77D49EA,sps,,,,,,,
1784538707.617128,FABCEA8B-7EC8-2594-4879-2B3B63989660,ThermoBeacon2,,,,,,,
1784538712.662213,E697B52A-2E7F-D41E-BC4D-2D027CB38D0B,HAPPY BLÜTE,23.83,49.1,23.74,49.1,0,81,78
1784538712.662213,827482CC-A977-43D7-835E-8E8B6978E66A,growmaster-1d3c,,,,,32,25,60
1784538712.662213,C898B4F2-B452-7502-1A67-0536E77D49EA,sps,,,,,,,
1784538712.662213,FABCEA8B-7EC8-2594-4879-2B3B63989660,ThermoBeacon2,,,,,,,
1784538717.75541,E697B52A-2E7F-D41E-BC4D-2D027CB38D0B,HAPPY BLÜTE,23.87,49.11,23.77,49.06,0,81,78
1784538717.75541,827482CC-A977-43D7-835E-8E8B6978E66A,growmaster-1d3c,,,,,32,25,60
1784538717.75541,C898B4F2-B452-7502-1A67-0536E77D49EA,sps,,,,,,,
1784538717.75541,FABCEA8B-7EC8-2594-4879-2B3B63989660,ThermoBeacon2,,,,,,,
1784538722.766369,E697B52A-2E7F-D41E-BC4D-2D027CB38D0B,HAPPY BLÜTE,23.85,49.12,23.8,49.06,0,81,78
1784538722.766369,827482CC-A977-43D7-835E-8E8B6978E66A,growmaster-1d3c,,,,,32,25,60
1784538722.766369,C898B4F2-B452-7502-1A67-0536E77D49EA,sps,,,,,,,
1784538722.766369,FABCEA8B-7EC8-2594-4879-2B3B63989660,ThermoBeacon2,,,,,,,
1784538727.803777,E697B52A-2E7F-D41E-BC4D-2D027CB38D0B,HAPPY BLÜTE,23.89,49.07,23.78,49.06,0,81,78
1784538727.803777,827482CC-A977-43D7-835E-8E8B6978E66A,growmaster-1d3c,,,,,32,25,60
1784538727.803777,C898B4F2-B452-7502-1A67-0536E77D49EA,sps,,,,,,,
1784538727.803777,FABCEA8B-7EC8-2594-4879-2B3B63989660,ThermoBeacon2,,,,,,,
1784538732.7554,E697B52A-2E7F-D41E-BC4D-2D027CB38D0B,HAPPY BLÜTE,23.87,49.06,23.77,49.04,0,81,78
1784538732.7554,827482CC-A977-43D7-835E-8E8B6978E66A,growmaster-1d3c,,,,,32,25,60
1784538732.7554,C898B4F2-B452-7502-1A67-0536E77D49EA,sps,,,,,,,
1784538732.7554,FABCEA8B-7EC8-2594-4879-2B3B63989660,ThermoBeacon2,,,,,,,
1784538737.888855,E697B52A-2E7F-D41E-BC4D-2D027CB38D0B,HAPPY BLÜTE,23.87,49.01,23.78,49.01,0,81,78
1784538737.888855,827482CC-A977-43D7-835E-8E8B6978E66A,growmaster-1d3c,,,,,32,25,60
1784538737.888855,C898B4F2-B452-7502-1A67-0536E77D49EA,sps,,,,,,,
1784538737.888855,FABCEA8B-7EC8-2594-4879-2B3B63989660,ThermoBeacon2,,,,,,,
1784538742.950306,E697B52A-2E7F-D41E-BC4D-2D027CB38D0B,HAPPY BLÜTE,23.86,49.06,23.77,49.05,0,81,78
1784538742.950306,827482CC-A977-43D7-835E-8E8B6978E66A,growmaster-1d3c,,,,,32,25,60
1784538742.950306,C898B4F2-B452-7502-1A67-0536E77D49EA,sps,,,,,,,
1784538742.950306,FABCEA8B-7EC8-2594-4879-2B3B63989660,ThermoBeacon2,,,,,,,
1784538747.9838452,E697B52A-2E7F-D41E-BC4D-2D027CB38D0B,HAPPY BLÜTE,23.87,49.04,23.78,49.02,0,81,78
1784538747.9838452,827482CC-A977-43D7-835E-8E8B6978E66A,growmaster-1d3c,,,,,32,25,60
1784538747.9838452,C898B4F2-B452-7502-1A67-0536E77D49EA,sps,,,,,,,
1784538747.9838452,FABCEA8B-7EC8-2594-4879-2B3B63989660,ThermoBeacon2,,,,,,,
1784538752.989423,E697B52A-2E7F-D41E-BC4D-2D027CB38D0B,HAPPY BLÜTE,23.86,49.01,23.78,48.99,0,81,78
1784538752.989423,827482CC-A977-43D7-835E-8E8B6978E66A,growmaster-1d3c,,,,,32,25,60
1784538752.989423,C898B4F2-B452-7502-1A67-0536E77D49EA,sps,,,,,,,
1784538752.989423,FABCEA8B-7EC8-2594-4879-2B3B63989660,ThermoBeacon2,,,,,,,
1784538758.0823932,E697B52A-2E7F-D41E-BC4D-2D027CB38D0B,HAPPY BLÜTE,23.89,48.97,23.77,49.0,0,81,78
1784538758.0823932,827482CC-A977-43D7-835E-8E8B6978E66A,growmaster-1d3c,,,,,32,25,60
1784538758.0823932,C898B4F2-B452-7502-1A67-0536E77D49EA,sps,,,,,,,
1784538758.0823932,FABCEA8B-7EC8-2594-4879-2B3B63989660,ThermoBeacon2,,,,,,,
1784538763.143626,E697B52A-2E7F-D41E-BC4D-2D027CB38D0B,HAPPY BLÜTE,23.87,48.97,23.77,48.98,0,81,78
1784538763.143626,827482CC-A977-43D7-835E-8E8B6978E66A,growmaster-1d3c,,,,,32,25,60
1784538763.143626,C898B4F2-B452-7502-1A67-0536E77D49EA,sps,,,,,,,
1784538763.143626,FABCEA8B-7EC8-2594-4879-2B3B63989660,ThermoBeacon2,,,,,,,
1784538768.189147,E697B52A-2E7F-D41E-BC4D-2D027CB38D0B,HAPPY BLÜTE,23.85,48.97,23.75,48.94,0,81,78
1784538768.189147,827482CC-A977-43D7-835E-8E8B6978E66A,growmaster-1d3c,,,,,32,25,60
1784538768.189147,C898B4F2-B452-7502-1A67-0536E77D49EA,sps,,,,,,,
1784538768.189147,FABCEA8B-7EC8-2594-4879-2B3B63989660,ThermoBeacon2,,,,,,,
1784538773.245312,E697B52A-2E7F-D41E-BC4D-2D027CB38D0B,HAPPY BLÜTE,23.87,49.0,23.75,48.88,0,81,78
1784538773.245312,827482CC-A977-43D7-835E-8E8B6978E66A,growmaster-1d3c,,,,,32,25,60
1784538773.245312,C898B4F2-B452-7502-1A67-0536E77D49EA,sps,,,,,,,
1784538773.245312,FABCEA8B-7EC8-2594-4879-2B3B63989660,ThermoBeacon2,,,,,,,
1784538778.2785652,E697B52A-2E7F-D41E-BC4D-2D027CB38D0B,HAPPY BLÜTE,23.87,49.0,23.75,48.88,0,81,78
1784538778.2785652,827482CC-A977-43D7-835E-8E8B6978E66A,growmaster-1d3c,,,,,32,25,60
1784538778.2785652,C898B4F2-B452-7502-1A67-0536E77D49EA,sps,,,,,,,
1784538778.2785652,FABCEA8B-7EC8-2594-4879-2B3B63989660,ThermoBeacon2,,,,,,,
1784538783.2832482,E697B52A-2E7F-D41E-BC4D-2D027CB38D0B,HAPPY BLÜTE,23.86,48.92,23.77,48.89,0,81,78
1784538783.2832482,827482CC-A977-43D7-835E-8E8B6978E66A,growmaster-1d3c,,,,,32,25,60
1784538783.2832482,C898B4F2-B452-7502-1A67-0536E77D49EA,sps,,,,,,,
1784538783.2832482,FABCEA8B-7EC8-2594-4879-2B3B63989660,ThermoBeacon2,,,,,,,
1784538788.287114,E697B52A-2E7F-D41E-BC4D-2D027CB38D0B,HAPPY BLÜTE,23.86,48.91,23.74,48.91,0,81,78
1784538788.287114,827482CC-A977-43D7-835E-8E8B6978E66A,growmaster-1d3c,,,,,32,25,60
1784538788.287114,C898B4F2-B452-7502-1A67-0536E77D49EA,sps,,,,,,,
1784538788.287114,FABCEA8B-7EC8-2594-4879-2B3B63989660,ThermoBeacon2,,,,,,,
1784538793.3261702,E697B52A-2E7F-D41E-BC4D-2D027CB38D0B,HAPPY BLÜTE,23.86,48.91,23.75,48.92,0,81,78
1784538793.3261702,827482CC-A977-43D7-835E-8E8B6978E66A,growmaster-1d3c,,,,,32,25,60
1784538793.3261702,C898B4F2-B452-7502-1A67-0536E77D49EA,sps,,,,,,,
1784538793.3261702,FABCEA8B-7EC8-2594-4879-2B3B63989660,ThermoBeacon2,,,,,,,
1784538798.3660228,E697B52A-2E7F-D41E-BC4D-2D027CB38D0B,HAPPY BLÜTE,23.86,48.91,23.75,48.92,0,81,78
1784538798.3660228,827482CC-A977-43D7-835E-8E8B6978E66A,growmaster-1d3c,,,,,32,25,60
1784538798.3660228,C898B4F2-B452-7502-1A67-0536E77D49EA,sps,,,,,,,
1784538798.3660228,FABCEA8B-7EC8-2594-4879-2B3B63989660,ThermoBeacon2,,,,,,,
1784538803.422442,E697B52A-2E7F-D41E-BC4D-2D027CB38D0B,HAPPY BLÜTE,23.87,48.83,23.78,48.86,0,81,78
1784538803.422442,827482CC-A977-43D7-835E-8E8B6978E66A,growmaster-1d3c,,,,,32,25,60
1784538803.422442,C898B4F2-B452-7502-1A67-0536E77D49EA,sps,,,,,,,
1784538803.422442,FABCEA8B-7EC8-2594-4879-2B3B63989660,ThermoBeacon2,,,,,,,
1784538808.450999,E697B52A-2E7F-D41E-BC4D-2D027CB38D0B,HAPPY BLÜTE,23.86,48.84,23.78,48.81,0,81,78
1784538808.450999,827482CC-A977-43D7-835E-8E8B6978E66A,growmaster-1d3c,,,,,32,25,60
1784538808.450999,C898B4F2-B452-7502-1A67-0536E77D49EA,sps,,,,,,,
1784538808.450999,FABCEA8B-7EC8-2594-4879-2B3B63989660,ThermoBeacon2,,,,,,,
1784538813.50786,E697B52A-2E7F-D41E-BC4D-2D027CB38D0B,HAPPY BLÜTE,23.85,48.82,23.75,48.8,0,81,78
1784538813.50786,827482CC-A977-43D7-835E-8E8B6978E66A,growmaster-1d3c,,,,,32,25,60
1784538813.50786,C898B4F2-B452-7502-1A67-0536E77D49EA,sps,,,,,,,
1784538813.50786,FABCEA8B-7EC8-2594-4879-2B3B63989660,ThermoBeacon2,,,,,,,
1784538818.6086771,E697B52A-2E7F-D41E-BC4D-2D027CB38D0B,HAPPY BLÜTE,23.87,48.81,23.78,48.79,0,81,78
1784538818.6086771,827482CC-A977-43D7-835E-8E8B6978E66A,growmaster-1d3c,,,,,32,25,60
1784538818.6086771,C898B4F2-B452-7502-1A67-0536E77D49EA,sps,,,,,,,
1784538818.6086771,FABCEA8B-7EC8-2594-4879-2B3B63989660,ThermoBeacon2,,,,,,,
1784538823.6458828,E697B52A-2E7F-D41E-BC4D-2D027CB38D0B,HAPPY BLÜTE,23.86,48.8,23.78,48.8,0,81,78
1784538823.6458828,827482CC-A977-43D7-835E-8E8B6978E66A,growmaster-1d3c,,,,,32,25,60
1784538823.6458828,C898B4F2-B452-7502-1A67-0536E77D49EA,sps,,,,,,,
1784538823.6458828,FABCEA8B-7EC8-2594-4879-2B3B63989660,ThermoBeacon2,,,,,,,
1784538828.650551,E697B52A-2E7F-D41E-BC4D-2D027CB38D0B,HAPPY BLÜTE,23.86,48.8,23.78,48.8,0,81,78
1784538828.650551,827482CC-A977-43D7-835E-8E8B6978E66A,growmaster-1d3c,,,,,32,25,60
1784538828.650551,C898B4F2-B452-7502-1A67-0536E77D49EA,sps,,,,,,,
1784538828.650551,FABCEA8B-7EC8-2594-4879-2B3B63989660,ThermoBeacon2,,,,,,,
1784538833.6749408,E697B52A-2E7F-D41E-BC4D-2D027CB38D0B,HAPPY BLÜTE,23.86,48.75,23.77,48.74,0,81,78
1784538833.6749408,827482CC-A977-43D7-835E-8E8B6978E66A,growmaster-1d3c,,,,,32,25,60
1784538833.6749408,C898B4F2-B452-7502-1A67-0536E77D49EA,sps,,,,,,,
1784538833.6749408,FABCEA8B-7EC8-2594-4879-2B3B63989660,ThermoBeacon2,,,,,,,
1784538838.7668312,E697B52A-2E7F-D41E-BC4D-2D027CB38D0B,HAPPY BLÜTE,23.89,48.75,23.77,48.75,0,81,78
1784538838.7668312,827482CC-A977-43D7-835E-8E8B6978E66A,growmaster-1d3c,,,,,32,25,60
1784538838.7668312,C898B4F2-B452-7502-1A67-0536E77D49EA,sps,,,,,,,
1784538838.7668312,FABCEA8B-7EC8-2594-4879-2B3B63989660,ThermoBeacon2,,,,,,,
1784538843.84416,E697B52A-2E7F-D41E-BC4D-2D027CB38D0B,HAPPY BLÜTE,23.85,48.73,23.77,48.7,0,81,78
1784538843.84416,827482CC-A977-43D7-835E-8E8B6978E66A,growmaster-1d3c,,,,,32,25,60
1784538843.84416,C898B4F2-B452-7502-1A67-0536E77D49EA,sps,,,,,,,
1784538843.84416,FABCEA8B-7EC8-2594-4879-2B3B63989660,ThermoBeacon2,,,,,,,
1784538848.858751,E697B52A-2E7F-D41E-BC4D-2D027CB38D0B,HAPPY BLÜTE,23.87,48.7,23.77,48.64,0,81,78
1784538848.858751,827482CC-A977-43D7-835E-8E8B6978E66A,growmaster-1d3c,,,,,32,25,60
1784538848.858751,C898B4F2-B452-7502-1A67-0536E77D49EA,sps,,,,,,,
1784538848.858751,FABCEA8B-7EC8-2594-4879-2B3B63989660,ThermoBeacon2,,,,,,,
1784538853.940767,E697B52A-2E7F-D41E-BC4D-2D027CB38D0B,HAPPY BLÜTE,23.87,48.67,23.77,48.62,0,81,78
1784538853.940767,827482CC-A977-43D7-835E-8E8B6978E66A,growmaster-1d3c,,,,,32,25,60
1784538853.940767,C898B4F2-B452-7502-1A67-0536E77D49EA,sps,,,,,,,
1784538853.940767,FABCEA8B-7EC8-2594-4879-2B3B63989660,ThermoBeacon2,,,,,,,
1784538859.006482,E697B52A-2E7F-D41E-BC4D-2D027CB38D0B,HAPPY BLÜTE,23.86,48.67,23.78,48.61,0,81,78
1784538859.006482,827482CC-A977-43D7-835E-8E8B6978E66A,growmaster-1d3c,,,,,32,25,60
1784538859.006482,C898B4F2-B452-7502-1A67-0536E77D49EA,sps,,,,,,,
1784538859.006482,FABCEA8B-7EC8-2594-4879-2B3B63989660,ThermoBeacon2,,,,,,,
1784538864.073243,E697B52A-2E7F-D41E-BC4D-2D027CB38D0B,HAPPY BLÜTE,23.89,48.62,23.78,48.59,0,81,78
1784538864.073243,827482CC-A977-43D7-835E-8E8B6978E66A,growmaster-1d3c,,,,,32,25,60
1784538864.073243,C898B4F2-B452-7502-1A67-0536E77D49EA,sps,,,,,,,
1784538864.073243,FABCEA8B-7EC8-2594-4879-2B3B63989660,ThermoBeacon2,,,,,,,
1784538869.080072,E697B52A-2E7F-D41E-BC4D-2D027CB38D0B,HAPPY BLÜTE,23.89,48.57,23.77,48.52,0,81,78
1784538869.080072,827482CC-A977-43D7-835E-8E8B6978E66A,growmaster-1d3c,,,,,32,25,60
1784538869.080072,C898B4F2-B452-7502-1A67-0536E77D49EA,sps,,,,,,,
1784538869.080072,FABCEA8B-7EC8-2594-4879-2B3B63989660,ThermoBeacon2,,,,,,,
1784538874.1226282,E697B52A-2E7F-D41E-BC4D-2D027CB38D0B,HAPPY BLÜTE,23.87,48.58,23.77,48.57,0,81,78
1784538874.1226282,827482CC-A977-43D7-835E-8E8B6978E66A,growmaster-1d3c,,,,,32,25,60
1784538874.1226282,C898B4F2-B452-7502-1A67-0536E77D49EA,sps,,,,,,,
1784538874.1226282,FABCEA8B-7EC8-2594-4879-2B3B63989660,ThermoBeacon2,,,,,,,
1784538879.1916642,E697B52A-2E7F-D41E-BC4D-2D027CB38D0B,HAPPY BLÜTE,23.87,48.53,23.75,48.54,0,81,78
1784538879.1916642,827482CC-A977-43D7-835E-8E8B6978E66A,growmaster-1d3c,,,,,32,25,60
1784538879.1916642,C898B4F2-B452-7502-1A67-0536E77D49EA,sps,,,,,,,
1784538879.1916642,FABCEA8B-7EC8-2594-4879-2B3B63989660,ThermoBeacon2,,,,,,,
1784538884.2254348,E697B52A-2E7F-D41E-BC4D-2D027CB38D0B,HAPPY BLÜTE,23.89,48.51,23.78,48.49,0,81,78
1784538884.2254348,827482CC-A977-43D7-835E-8E8B6978E66A,growmaster-1d3c,,,,,32,25,60
1784538884.2254348,C898B4F2-B452-7502-1A67-0536E77D49EA,sps,,,,,,,
1784538884.2254348,FABCEA8B-7EC8-2594-4879-2B3B63989660,ThermoBeacon2,,,,,,,
1784538889.255519,E697B52A-2E7F-D41E-BC4D-2D027CB38D0B,HAPPY BLÜTE,23.9,48.49,23.77,48.44,0,81,78
1784538889.255519,827482CC-A977-43D7-835E-8E8B6978E66A,growmaster-1d3c,,,,,32,25,60
1784538889.255519,C898B4F2-B452-7502-1A67-0536E77D49EA,sps,,,,,,,
1784538889.255519,FABCEA8B-7EC8-2594-4879-2B3B63989660,ThermoBeacon2,,,,,,,
1784538894.318706,E697B52A-2E7F-D41E-BC4D-2D027CB38D0B,HAPPY BLÜTE,23.87,48.44,23.73,48.49,0,81,78
1784538894.318706,827482CC-A977-43D7-835E-8E8B6978E66A,growmaster-1d3c,,,,,32,25,60
1784538894.318706,C898B4F2-B452-7502-1A67-0536E77D49EA,sps,,,,,,,
1784538894.318706,FABCEA8B-7EC8-2594-4879-2B3B63989660,ThermoBeacon2,,,,,,,
1784538899.425351,E697B52A-2E7F-D41E-BC4D-2D027CB38D0B,HAPPY BLÜTE,23.87,48.44,23.73,48.49,0,81,78
1784538899.425351,827482CC-A977-43D7-835E-8E8B6978E66A,growmaster-1d3c,,,,,32,25,60
1784538899.425351,C898B4F2-B452-7502-1A67-0536E77D49EA,sps,,,,,,,
1784538899.425351,FABCEA8B-7EC8-2594-4879-2B3B63989660,ThermoBeacon2,,,,,,,
1784538904.454387,E697B52A-2E7F-D41E-BC4D-2D027CB38D0B,HAPPY BLÜTE,23.87,48.42,23.77,48.48,0,81,78
1784538904.454387,827482CC-A977-43D7-835E-8E8B6978E66A,growmaster-1d3c,,,,,32,25,60
1784538904.454387,C898B4F2-B452-7502-1A67-0536E77D49EA,sps,,,,,,,
1784538904.454387,FABCEA8B-7EC8-2594-4879-2B3B63989660,ThermoBeacon2,,,,,,,
1784538909.5326679,E697B52A-2E7F-D41E-BC4D-2D027CB38D0B,HAPPY BLÜTE,23.87,48.42,23.77,48.48,0,81,78
1784538909.5326679,827482CC-A977-43D7-835E-8E8B6978E66A,growmaster-1d3c,,,,,32,25,60
1784538909.5326679,C898B4F2-B452-7502-1A67-0536E77D49EA,sps,,,,,,,
1784538909.5326679,FABCEA8B-7EC8-2594-4879-2B3B63989660,ThermoBeacon2,,,,,,,
1784538914.675133,E697B52A-2E7F-D41E-BC4D-2D027CB38D0B,HAPPY BLÜTE,23.89,48.38,23.75,48.51,0,81,78
1784538914.675133,827482CC-A977-43D7-835E-8E8B6978E66A,growmaster-1d3c,,,,,32,25,60
1784538914.675133,C898B4F2-B452-7502-1A67-0536E77D49EA,sps,,,,,,,
1784538914.675133,FABCEA8B-7EC8-2594-4879-2B3B63989660,ThermoBeacon2,,,,,,,
1784538919.801888,E697B52A-2E7F-D41E-BC4D-2D027CB38D0B,HAPPY BLÜTE,23.86,48.35,23.75,48.46,0,81,78
1784538919.801888,827482CC-A977-43D7-835E-8E8B6978E66A,growmaster-1d3c,,,,,32,25,60
1784538919.801888,C898B4F2-B452-7502-1A67-0536E77D49EA,sps,,,,,,,
1784538919.801888,FABCEA8B-7EC8-2594-4879-2B3B63989660,ThermoBeacon2,,,,,,,
1784538924.830016,E697B52A-2E7F-D41E-BC4D-2D027CB38D0B,HAPPY BLÜTE,23.86,48.35,23.75,48.46,0,81,78
1784538924.830016,827482CC-A977-43D7-835E-8E8B6978E66A,growmaster-1d3c,,,,,32,25,60
1784538924.830016,C898B4F2-B452-7502-1A67-0536E77D49EA,sps,,,,,,,
1784538924.830016,FABCEA8B-7EC8-2594-4879-2B3B63989660,ThermoBeacon2,,,,,,,
1784538929.941827,E697B52A-2E7F-D41E-BC4D-2D027CB38D0B,HAPPY BLÜTE,23.89,48.33,23.75,48.35,0,81,78
1784538929.941827,827482CC-A977-43D7-835E-8E8B6978E66A,growmaster-1d3c,,,,,32,25,60
1784538929.941827,C898B4F2-B452-7502-1A67-0536E77D49EA,sps,,,,,,,
1784538929.941827,FABCEA8B-7EC8-2594-4879-2B3B63989660,ThermoBeacon2,,,,,,,
1784538935.024576,E697B52A-2E7F-D41E-BC4D-2D027CB38D0B,HAPPY BLÜTE,23.89,48.3,23.77,48.33,0,81,78
1784538935.024576,827482CC-A977-43D7-835E-8E8B6978E66A,growmaster-1d3c,,,,,32,25,60
1784538935.024576,C898B4F2-B452-7502-1A67-0536E77D49EA,sps,,,,,,,
1784538935.024576,FABCEA8B-7EC8-2594-4879-2B3B63989660,ThermoBeacon2,,,,,,,
1784538940.037571,E697B52A-2E7F-D41E-BC4D-2D027CB38D0B,HAPPY BLÜTE,23.89,48.27,23.77,48.36,0,81,78
1784538940.037571,827482CC-A977-43D7-835E-8E8B6978E66A,growmaster-1d3c,,,,,32,25,60
1784538940.037571,C898B4F2-B452-7502-1A67-0536E77D49EA,sps,,,,,,,
1784538940.037571,FABCEA8B-7EC8-2594-4879-2B3B63989660,ThermoBeacon2,,,,,,,
1784538945.0992918,E697B52A-2E7F-D41E-BC4D-2D027CB38D0B,HAPPY BLÜTE,23.89,48.28,23.75,48.39,0,81,78
1784538945.0992918,827482CC-A977-43D7-835E-8E8B6978E66A,growmaster-1d3c,,,,,32,25,60
1784538945.0992918,C898B4F2-B452-7502-1A67-0536E77D49EA,sps,,,,,,,
1784538945.0992918,FABCEA8B-7EC8-2594-4879-2B3B63989660,ThermoBeacon2,,,,,,,
1784538950.0899389,E697B52A-2E7F-D41E-BC4D-2D027CB38D0B,HAPPY BLÜTE,23.89,48.23,23.77,48.33,0,81,78
1784538950.0899389,827482CC-A977-43D7-835E-8E8B6978E66A,growmaster-1d3c,,,,,32,25,60
1784538950.0899389,C898B4F2-B452-7502-1A67-0536E77D49EA,sps,,,,,,,
1784538950.0899389,FABCEA8B-7EC8-2594-4879-2B3B63989660,ThermoBeacon2,,,,,,,
1784538955.2012749,E697B52A-2E7F-D41E-BC4D-2D027CB38D0B,HAPPY BLÜTE,23.9,48.24,23.78,48.31,0,81,78
1784538955.2012749,827482CC-A977-43D7-835E-8E8B6978E66A,growmaster-1d3c,,,,,32,25,60
1784538955.2012749,C898B4F2-B452-7502-1A67-0536E77D49EA,sps,,,,,,,
1784538955.2012749,FABCEA8B-7EC8-2594-4879-2B3B63989660,ThermoBeacon2,,,,,,,
1784538960.244909,E697B52A-2E7F-D41E-BC4D-2D027CB38D0B,HAPPY BLÜTE,23.9,48.2,23.77,48.26,0,81,78
1784538960.244909,827482CC-A977-43D7-835E-8E8B6978E66A,growmaster-1d3c,,,,,32,25,60
1784538960.244909,C898B4F2-B452-7502-1A67-0536E77D49EA,sps,,,,,,,
1784538960.244909,FABCEA8B-7EC8-2594-4879-2B3B63989660,ThermoBeacon2,,,,,,,
1784538965.337384,E697B52A-2E7F-D41E-BC4D-2D027CB38D0B,HAPPY BLÜTE,23.87,48.22,23.75,48.26,0,81,78
1784538965.337384,827482CC-A977-43D7-835E-8E8B6978E66A,growmaster-1d3c,,,,,32,25,60
1784538965.337384,C898B4F2-B452-7502-1A67-0536E77D49EA,sps,,,,,,,
1784538965.337384,FABCEA8B-7EC8-2594-4879-2B3B63989660,ThermoBeacon2,,,,,,,
1784538970.399086,E697B52A-2E7F-D41E-BC4D-2D027CB38D0B,HAPPY BLÜTE,23.87,48.2,23.75,48.28,0,81,78
1784538970.399086,827482CC-A977-43D7-835E-8E8B6978E66A,growmaster-1d3c,,,,,32,25,60
1784538970.399086,C898B4F2-B452-7502-1A67-0536E77D49EA,sps,,,,,,,
1784538970.399086,FABCEA8B-7EC8-2594-4879-2B3B63989660,ThermoBeacon2,,,,,,,
1784538975.4617448,E697B52A-2E7F-D41E-BC4D-2D027CB38D0B,HAPPY BLÜTE,23.9,48.22,23.8,48.26,0,81,78
1784538975.4617448,827482CC-A977-43D7-835E-8E8B6978E66A,growmaster-1d3c,,,,,32,25,60
1784538975.4617448,C898B4F2-B452-7502-1A67-0536E77D49EA,sps,,,,,,,
1784538975.4617448,FABCEA8B-7EC8-2594-4879-2B3B63989660,ThermoBeacon2,,,,,,,
1784538980.535522,E697B52A-2E7F-D41E-BC4D-2D027CB38D0B,HAPPY BLÜTE,23.89,48.15,23.77,48.2,0,81,78
1784538980.535522,827482CC-A977-43D7-835E-8E8B6978E66A,growmaster-1d3c,,,,,32,25,60
1784538980.535522,C898B4F2-B452-7502-1A67-0536E77D49EA,sps,,,,,,,
1784538980.535522,FABCEA8B-7EC8-2594-4879-2B3B63989660,ThermoBeacon2,,,,,,,
1784538985.650941,E697B52A-2E7F-D41E-BC4D-2D027CB38D0B,HAPPY BLÜTE,23.89,48.13,23.75,48.15,0,81,78
1784538985.650941,827482CC-A977-43D7-835E-8E8B6978E66A,growmaster-1d3c,,,,,32,25,60
1784538985.650941,C898B4F2-B452-7502-1A67-0536E77D49EA,sps,,,,,,,
1784538985.650941,FABCEA8B-7EC8-2594-4879-2B3B63989660,ThermoBeacon2,,,,,,,
1784538990.71348,E697B52A-2E7F-D41E-BC4D-2D027CB38D0B,HAPPY BLÜTE,23.92,48.14,23.77,48.22,0,81,78
1784538990.71348,827482CC-A977-43D7-835E-8E8B6978E66A,growmaster-1d3c,,,,,32,25,60
1784538990.71348,C898B4F2-B452-7502-1A67-0536E77D49EA,sps,,,,,,,
1784538990.71348,FABCEA8B-7EC8-2594-4879-2B3B63989660,ThermoBeacon2,,,,,,,
1784538995.78947,E697B52A-2E7F-D41E-BC4D-2D027CB38D0B,HAPPY BLÜTE,23.89,48.14,23.78,48.18,0,81,78
1784538995.78947,827482CC-A977-43D7-835E-8E8B6978E66A,growmaster-1d3c,,,,,32,25,60
1784538995.78947,C898B4F2-B452-7502-1A67-0536E77D49EA,sps,,,,,,,
1784538995.78947,FABCEA8B-7EC8-2594-4879-2B3B63989660,ThermoBeacon2,,,,,,,
1784539000.815017,E697B52A-2E7F-D41E-BC4D-2D027CB38D0B,HAPPY BLÜTE,23.9,48.15,23.8,48.18,0,81,78
1784539000.815017,827482CC-A977-43D7-835E-8E8B6978E66A,growmaster-1d3c,,,,,32,25,60
1784539000.815017,C898B4F2-B452-7502-1A67-0536E77D49EA,sps,,,,,,,
1784539000.815017,FABCEA8B-7EC8-2594-4879-2B3B63989660,ThermoBeacon2,,,,,,,
1784539005.866019,E697B52A-2E7F-D41E-BC4D-2D027CB38D0B,HAPPY BLÜTE,23.89,48.1,23.77,48.17,0,81,78
1784539005.866019,827482CC-A977-43D7-835E-8E8B6978E66A,growmaster-1d3c,,,,,32,25,60
1784539005.866019,C898B4F2-B452-7502-1A67-0536E77D49EA,sps,,,,,,,
1784539005.866019,FABCEA8B-7EC8-2594-4879-2B3B63989660,ThermoBeacon2,,,,,,,
1784539010.872858,E697B52A-2E7F-D41E-BC4D-2D027CB38D0B,HAPPY BLÜTE,23.89,48.07,23.8,48.08,0,81,78
1784539010.872858,827482CC-A977-43D7-835E-8E8B6978E66A,growmaster-1d3c,,,,,32,25,60
1784539010.872858,C898B4F2-B452-7502-1A67-0536E77D49EA,sps,,,,,,,
1784539010.872858,FABCEA8B-7EC8-2594-4879-2B3B63989660,ThermoBeacon2,,,,,,,
1784539015.882475,E697B52A-2E7F-D41E-BC4D-2D027CB38D0B,HAPPY BLÜTE,23.87,48.1,23.78,48.05,0,81,78
1784539015.882475,827482CC-A977-43D7-835E-8E8B6978E66A,growmaster-1d3c,,,,,32,25,60
1784539015.882475,C898B4F2-B452-7502-1A67-0536E77D49EA,sps,,,,,,,
1784539015.882475,FABCEA8B-7EC8-2594-4879-2B3B63989660,ThermoBeacon2,,,,,,,
1784539020.964612,E697B52A-2E7F-D41E-BC4D-2D027CB38D0B,HAPPY BLÜTE,23.89,48.04,23.75,48.01,0,81,78
1784539020.964612,827482CC-A977-43D7-835E-8E8B6978E66A,growmaster-1d3c,,,,,32,25,60
1784539020.964612,C898B4F2-B452-7502-1A67-0536E77D49EA,sps,,,,,,,
1784539020.964612,FABCEA8B-7EC8-2594-4879-2B3B63989660,ThermoBeacon2,,,,,,,
1784539026.021377,E697B52A-2E7F-D41E-BC4D-2D027CB38D0B,HAPPY BLÜTE,23.86,48.01,23.8,48.03,0,81,78
1784539026.021377,827482CC-A977-43D7-835E-8E8B6978E66A,growmaster-1d3c,,,,,32,25,60
1784539026.021377,C898B4F2-B452-7502-1A67-0536E77D49EA,sps,,,,,,,
1784539026.021377,FABCEA8B-7EC8-2594-4879-2B3B63989660,ThermoBeacon2,,,,,,,
1784539031.025768,E697B52A-2E7F-D41E-BC4D-2D027CB38D0B,HAPPY BLÜTE,23.9,48.02,23.77,48.01,0,81,78
1784539031.025768,827482CC-A977-43D7-835E-8E8B6978E66A,growmaster-1d3c,,,,,32,25,60
1784539031.025768,C898B4F2-B452-7502-1A67-0536E77D49EA,sps,,,,,,,
1784539031.025768,FABCEA8B-7EC8-2594-4879-2B3B63989660,ThermoBeacon2,,,,,,,
1784539036.085727,E697B52A-2E7F-D41E-BC4D-2D027CB38D0B,HAPPY BLÜTE,23.87,48.02,23.77,47.99,0,81,78
1784539036.085727,827482CC-A977-43D7-835E-8E8B6978E66A,growmaster-1d3c,,,,,32,25,60
1784539036.085727,C898B4F2-B452-7502-1A67-0536E77D49EA,sps,,,,,,,
1784539036.085727,FABCEA8B-7EC8-2594-4879-2B3B63989660,ThermoBeacon2,,,,,,,
1784539041.0969138,E697B52A-2E7F-D41E-BC4D-2D027CB38D0B,HAPPY BLÜTE,23.9,48.01,23.75,47.97,0,81,78
1784539041.0969138,827482CC-A977-43D7-835E-8E8B6978E66A,growmaster-1d3c,,,,,32,25,60
1784539041.0969138,C898B4F2-B452-7502-1A67-0536E77D49EA,sps,,,,,,,
1784539041.0969138,FABCEA8B-7EC8-2594-4879-2B3B63989660,ThermoBeacon2,,,,,,,
1784539046.112409,E697B52A-2E7F-D41E-BC4D-2D027CB38D0B,HAPPY BLÜTE,23.87,47.98,23.74,47.97,0,81,78
1784539046.112409,827482CC-A977-43D7-835E-8E8B6978E66A,growmaster-1d3c,,,,,32,25,60
1784539046.112409,C898B4F2-B452-7502-1A67-0536E77D49EA,sps,,,,,,,
1784539046.112409,FABCEA8B-7EC8-2594-4879-2B3B63989660,ThermoBeacon2,,,,,,,
1784539051.147467,E697B52A-2E7F-D41E-BC4D-2D027CB38D0B,HAPPY BLÜTE,23.87,47.98,23.74,47.97,0,81,78
1784539051.147467,827482CC-A977-43D7-835E-8E8B6978E66A,growmaster-1d3c,,,,,32,25,60
1784539051.147467,C898B4F2-B452-7502-1A67-0536E77D49EA,sps,,,,,,,
1784539051.147467,FABCEA8B-7EC8-2594-4879-2B3B63989660,ThermoBeacon2,,,,,,,
1784539056.2389219,E697B52A-2E7F-D41E-BC4D-2D027CB38D0B,HAPPY BLÜTE,23.87,47.96,23.77,47.94,0,81,78
1784539056.2389219,827482CC-A977-43D7-835E-8E8B6978E66A,growmaster-1d3c,,,,,32,25,60
1784539056.2389219,C898B4F2-B452-7502-1A67-0536E77D49EA,sps,,,,,,,
1784539056.2389219,FABCEA8B-7EC8-2594-4879-2B3B63989660,ThermoBeacon2,,,,,,,
1784539061.266838,E697B52A-2E7F-D41E-BC4D-2D027CB38D0B,HAPPY BLÜTE,23.87,47.96,23.77,47.94,0,81,78
1784539061.266838,827482CC-A977-43D7-835E-8E8B6978E66A,growmaster-1d3c,,,,,32,25,60
1784539061.266838,C898B4F2-B452-7502-1A67-0536E77D49EA,sps,,,,,,,
1784539061.266838,FABCEA8B-7EC8-2594-4879-2B3B63989660,ThermoBeacon2,,,,,,,
1784539066.325422,E697B52A-2E7F-D41E-BC4D-2D027CB38D0B,HAPPY BLÜTE,23.87,47.92,23.78,47.9,0,81,78
1784539066.325422,827482CC-A977-43D7-835E-8E8B6978E66A,growmaster-1d3c,,,,,32,25,60
1784539066.325422,C898B4F2-B452-7502-1A67-0536E77D49EA,sps,,,,,,,
1784539066.325422,FABCEA8B-7EC8-2594-4879-2B3B63989660,ThermoBeacon2,,,,,,,
1784539071.378332,E697B52A-2E7F-D41E-BC4D-2D027CB38D0B,HAPPY BLÜTE,23.87,47.89,23.74,47.89,0,81,78
1784539071.378332,827482CC-A977-43D7-835E-8E8B6978E66A,growmaster-1d3c,,,,,32,25,60
1784539071.378332,C898B4F2-B452-7502-1A67-0536E77D49EA,sps,,,,,,,
1784539071.378332,FABCEA8B-7EC8-2594-4879-2B3B63989660,ThermoBeacon2,,,,,,,
1784539076.4177668,E697B52A-2E7F-D41E-BC4D-2D027CB38D0B,HAPPY BLÜTE,23.89,47.93,23.74,47.84,0,81,78
1784539076.4177668,827482CC-A977-43D7-835E-8E8B6978E66A,growmaster-1d3c,,,,,32,25,60
1784539076.4177668,C898B4F2-B452-7502-1A67-0536E77D49EA,sps,,,,,,,
1784539076.4177668,FABCEA8B-7EC8-2594-4879-2B3B63989660,ThermoBeacon2,,,,,,,
1784539081.487398,E697B52A-2E7F-D41E-BC4D-2D027CB38D0B,HAPPY BLÜTE,23.89,47.89,23.8,47.91,0,81,78
1784539081.487398,827482CC-A977-43D7-835E-8E8B6978E66A,growmaster-1d3c,,,,,32,25,60
1784539081.487398,C898B4F2-B452-7502-1A67-0536E77D49EA,sps,,,,,,,
1784539081.487398,FABCEA8B-7EC8-2594-4879-2B3B63989660,ThermoBeacon2,,,,,,,
1784539086.530705,E697B52A-2E7F-D41E-BC4D-2D027CB38D0B,HAPPY BLÜTE,23.9,47.89,23.74,47.85,0,81,78
1784539086.530705,827482CC-A977-43D7-835E-8E8B6978E66A,growmaster-1d3c,,,,,32,25,60
1784539086.530705,C898B4F2-B452-7502-1A67-0536E77D49EA,sps,,,,,,,
1784539086.530705,FABCEA8B-7EC8-2594-4879-2B3B63989660,ThermoBeacon2,,,,,,,
1784539091.53475,E697B52A-2E7F-D41E-BC4D-2D027CB38D0B,HAPPY BLÜTE,23.9,47.89,23.74,47.85,0,81,78
1784539091.53475,827482CC-A977-43D7-835E-8E8B6978E66A,growmaster-1d3c,,,,,32,25,60
1784539091.53475,C898B4F2-B452-7502-1A67-0536E77D49EA,sps,,,,,,,
1784539091.53475,FABCEA8B-7EC8-2594-4879-2B3B63989660,ThermoBeacon2,,,,,,,
1784539096.594733,E697B52A-2E7F-D41E-BC4D-2D027CB38D0B,HAPPY BLÜTE,23.89,47.87,23.77,47.86,0,81,78
1784539096.594733,827482CC-A977-43D7-835E-8E8B6978E66A,growmaster-1d3c,,,,,32,25,60
1784539096.594733,C898B4F2-B452-7502-1A67-0536E77D49EA,sps,,,,,,,
1784539096.594733,FABCEA8B-7EC8-2594-4879-2B3B63989660,ThermoBeacon2,,,,,,,
1784539101.6239948,E697B52A-2E7F-D41E-BC4D-2D027CB38D0B,HAPPY BLÜTE,23.89,47.86,23.75,47.88,0,81,78
1784539101.6239948,827482CC-A977-43D7-835E-8E8B6978E66A,growmaster-1d3c,,,,,32,25,60
1784539101.6239948,C898B4F2-B452-7502-1A67-0536E77D49EA,sps,,,,,,,
1784539101.6239948,FABCEA8B-7EC8-2594-4879-2B3B63989660,ThermoBeacon2,,,,,,,
1784539106.6999838,E697B52A-2E7F-D41E-BC4D-2D027CB38D0B,HAPPY BLÜTE,23.87,47.9,23.77,47.86,0,81,78
1784539106.6999838,827482CC-A977-43D7-835E-8E8B6978E66A,growmaster-1d3c,,,,,32,25,60
1784539106.6999838,C898B4F2-B452-7502-1A67-0536E77D49EA,sps,,,,,,,
1784539106.6999838,FABCEA8B-7EC8-2594-4879-2B3B63989660,ThermoBeacon2,,,,,,,
1784539111.839158,E697B52A-2E7F-D41E-BC4D-2D027CB38D0B,HAPPY BLÜTE,23.89,47.75,23.75,47.82,0,81,78
1784539111.839158,827482CC-A977-43D7-835E-8E8B6978E66A,growmaster-1d3c,,,,,32,25,60
1784539111.839158,C898B4F2-B452-7502-1A67-0536E77D49EA,sps,,,,,,,
1784539111.839158,FABCEA8B-7EC8-2594-4879-2B3B63989660,ThermoBeacon2,,,,,,,
1784539116.955953,E697B52A-2E7F-D41E-BC4D-2D027CB38D0B,HAPPY BLÜTE,23.87,47.79,23.75,47.82,0,81,78
1784539116.955953,827482CC-A977-43D7-835E-8E8B6978E66A,growmaster-1d3c,,,,,32,25,60
1784539116.955953,C898B4F2-B452-7502-1A67-0536E77D49EA,sps,,,,,,,
1784539116.955953,FABCEA8B-7EC8-2594-4879-2B3B63989660,ThermoBeacon2,,,,,,,
1784539121.976023,E697B52A-2E7F-D41E-BC4D-2D027CB38D0B,HAPPY BLÜTE,23.89,47.81,23.77,47.8,0,81,78
1784539121.976023,827482CC-A977-43D7-835E-8E8B6978E66A,growmaster-1d3c,,,,,32,25,60
1784539121.976023,C898B4F2-B452-7502-1A67-0536E77D49EA,sps,,,,,,,
1784539121.976023,FABCEA8B-7EC8-2594-4879-2B3B63989660,ThermoBeacon2,,,,,,,
1784539127.059818,E697B52A-2E7F-D41E-BC4D-2D027CB38D0B,HAPPY BLÜTE,23.87,47.83,23.77,47.83,0,81,78
1784539127.059818,827482CC-A977-43D7-835E-8E8B6978E66A,growmaster-1d3c,,,,,32,25,60
1784539127.059818,C898B4F2-B452-7502-1A67-0536E77D49EA,sps,,,,,,,
1784539127.059818,FABCEA8B-7EC8-2594-4879-2B3B63989660,ThermoBeacon2,,,,,,,
1784539132.132618,E697B52A-2E7F-D41E-BC4D-2D027CB38D0B,HAPPY BLÜTE,23.89,47.79,23.77,47.79,0,81,78
1784539132.132618,827482CC-A977-43D7-835E-8E8B6978E66A,growmaster-1d3c,,,,,32,25,60
1784539132.132618,C898B4F2-B452-7502-1A67-0536E77D49EA,sps,,,,,,,
1784539132.132618,FABCEA8B-7EC8-2594-4879-2B3B63989660,ThermoBeacon2,,,,,,,
1784539137.194401,E697B52A-2E7F-D41E-BC4D-2D027CB38D0B,HAPPY BLÜTE,23.92,47.74,23.75,47.76,0,81,78
1784539137.194401,827482CC-A977-43D7-835E-8E8B6978E66A,growmaster-1d3c,,,,,32,25,60
1784539137.194401,C898B4F2-B452-7502-1A67-0536E77D49EA,sps,,,,,,,
1784539137.194401,FABCEA8B-7EC8-2594-4879-2B3B63989660,ThermoBeacon2,,,,,,,
1784539142.272511,E697B52A-2E7F-D41E-BC4D-2D027CB38D0B,HAPPY BLÜTE,23.89,47.77,23.77,47.75,0,81,78
1784539142.272511,827482CC-A977-43D7-835E-8E8B6978E66A,growmaster-1d3c,,,,,32,25,60
1784539142.272511,C898B4F2-B452-7502-1A67-0536E77D49EA,sps,,,,,,,
1784539142.272511,FABCEA8B-7EC8-2594-4879-2B3B63989660,ThermoBeacon2,,,,,,,
1784539147.352661,E697B52A-2E7F-D41E-BC4D-2D027CB38D0B,HAPPY BLÜTE,23.89,47.75,23.75,47.7,0,81,78
1784539147.352661,827482CC-A977-43D7-835E-8E8B6978E66A,growmaster-1d3c,,,,,32,25,60
1784539147.352661,C898B4F2-B452-7502-1A67-0536E77D49EA,sps,,,,,,,
1784539147.352661,FABCEA8B-7EC8-2594-4879-2B3B63989660,ThermoBeacon2,,,,,,,
1784539152.451759,E697B52A-2E7F-D41E-BC4D-2D027CB38D0B,HAPPY BLÜTE,23.89,47.73,23.78,47.67,0,81,78
1784539152.451759,827482CC-A977-43D7-835E-8E8B6978E66A,growmaster-1d3c,,,,,32,25,60
1784539152.451759,C898B4F2-B452-7502-1A67-0536E77D49EA,sps,,,,,,,
1784539152.451759,FABCEA8B-7EC8-2594-4879-2B3B63989660,ThermoBeacon2,,,,,,,
1784539157.521545,E697B52A-2E7F-D41E-BC4D-2D027CB38D0B,HAPPY BLÜTE,23.9,47.72,23.78,47.71,0,81,78
1784539157.521545,827482CC-A977-43D7-835E-8E8B6978E66A,growmaster-1d3c,,,,,32,25,60
1784539157.521545,C898B4F2-B452-7502-1A67-0536E77D49EA,sps,,,,,,,
1784539157.521545,FABCEA8B-7EC8-2594-4879-2B3B63989660,ThermoBeacon2,,,,,,,
1784539162.601092,E697B52A-2E7F-D41E-BC4D-2D027CB38D0B,HAPPY BLÜTE,23.89,47.68,23.77,47.7,0,81,78
1784539162.601092,827482CC-A977-43D7-835E-8E8B6978E66A,growmaster-1d3c,,,,,32,25,60
1784539162.601092,C898B4F2-B452-7502-1A67-0536E77D49EA,sps,,,,,,,
1784539162.601092,FABCEA8B-7EC8-2594-4879-2B3B63989660,ThermoBeacon2,,,,,,,
1784539167.682612,E697B52A-2E7F-D41E-BC4D-2D027CB38D0B,HAPPY BLÜTE,23.9,47.65,23.77,47.72,0,81,78
1784539167.682612,827482CC-A977-43D7-835E-8E8B6978E66A,growmaster-1d3c,,,,,32,25,60
1784539167.682612,C898B4F2-B452-7502-1A67-0536E77D49EA,sps,,,,,,,
1784539167.682612,FABCEA8B-7EC8-2594-4879-2B3B63989660,ThermoBeacon2,,,,,,,
1784539172.793229,E697B52A-2E7F-D41E-BC4D-2D027CB38D0B,HAPPY BLÜTE,23.9,47.71,23.8,47.69,0,81,78
1784539172.793229,827482CC-A977-43D7-835E-8E8B6978E66A,growmaster-1d3c,,,,,32,25,60
1784539172.793229,C898B4F2-B452-7502-1A67-0536E77D49EA,sps,,,,,,,
1784539172.793229,FABCEA8B-7EC8-2594-4879-2B3B63989660,ThermoBeacon2,,,,,,,
1784539177.820804,E697B52A-2E7F-D41E-BC4D-2D027CB38D0B,HAPPY BLÜTE,23.87,47.63,23.81,47.67,0,81,78
1784539177.820804,827482CC-A977-43D7-835E-8E8B6978E66A,growmaster-1d3c,,,,,32,25,60
1784539177.820804,C898B4F2-B452-7502-1A67-0536E77D49EA,sps,,,,,,,
1784539177.820804,FABCEA8B-7EC8-2594-4879-2B3B63989660,ThermoBeacon2,,,,,,,
1784539182.868601,E697B52A-2E7F-D41E-BC4D-2D027CB38D0B,HAPPY BLÜTE,23.89,47.63,23.78,47.66,0,81,78
1784539182.868601,827482CC-A977-43D7-835E-8E8B6978E66A,growmaster-1d3c,,,,,32,25,60
1784539182.868601,C898B4F2-B452-7502-1A67-0536E77D49EA,sps,,,,,,,
1784539182.868601,FABCEA8B-7EC8-2594-4879-2B3B63989660,ThermoBeacon2,,,,,,,
1784539187.947907,E697B52A-2E7F-D41E-BC4D-2D027CB38D0B,HAPPY BLÜTE,23.89,47.57,23.75,47.65,0,81,78
1784539187.947907,827482CC-A977-43D7-835E-8E8B6978E66A,growmaster-1d3c,,,,,32,25,60
1784539187.947907,C898B4F2-B452-7502-1A67-0536E77D49EA,sps,,,,,,,
1784539187.947907,FABCEA8B-7EC8-2594-4879-2B3B63989660,ThermoBeacon2,,,,,,,
1784539193.0145438,E697B52A-2E7F-D41E-BC4D-2D027CB38D0B,HAPPY BLÜTE,23.87,47.57,23.78,47.65,0,81,78
1784539193.0145438,827482CC-A977-43D7-835E-8E8B6978E66A,growmaster-1d3c,,,,,32,25,60
1784539193.0145438,C898B4F2-B452-7502-1A67-0536E77D49EA,sps,,,,,,,
1784539193.0145438,FABCEA8B-7EC8-2594-4879-2B3B63989660,ThermoBeacon2,,,,,,,
1784539198.089288,E697B52A-2E7F-D41E-BC4D-2D027CB38D0B,HAPPY BLÜTE,23.87,47.57,23.78,47.65,0,81,78
1784539198.089288,827482CC-A977-43D7-835E-8E8B6978E66A,growmaster-1d3c,,,,,32,25,60
1784539198.089288,C898B4F2-B452-7502-1A67-0536E77D49EA,sps,,,,,,,
1784539198.089288,FABCEA8B-7EC8-2594-4879-2B3B63989660,ThermoBeacon2,,,,,,,
1784539203.075222,E697B52A-2E7F-D41E-BC4D-2D027CB38D0B,HAPPY BLÜTE,23.92,47.57,23.8,47.62,0,81,78
1784539203.075222,827482CC-A977-43D7-835E-8E8B6978E66A,growmaster-1d3c,,,,,32,25,60
1784539203.075222,C898B4F2-B452-7502-1A67-0536E77D49EA,sps,,,,,,,
1784539203.075222,FABCEA8B-7EC8-2594-4879-2B3B63989660,ThermoBeacon2,,,,,,,
1784539208.2015538,E697B52A-2E7F-D41E-BC4D-2D027CB38D0B,HAPPY BLÜTE,23.9,47.59,23.8,47.62,0,81,78
1784539208.2015538,827482CC-A977-43D7-835E-8E8B6978E66A,growmaster-1d3c,,,,,32,25,60
1784539208.2015538,C898B4F2-B452-7502-1A67-0536E77D49EA,sps,,,,,,,
1784539208.2015538,FABCEA8B-7EC8-2594-4879-2B3B63989660,ThermoBeacon2,,,,,,,
1784539213.24235,E697B52A-2E7F-D41E-BC4D-2D027CB38D0B,HAPPY BLÜTE,23.9,47.56,23.78,47.59,0,81,78
1784539213.24235,827482CC-A977-43D7-835E-8E8B6978E66A,growmaster-1d3c,,,,,32,25,60
1784539213.24235,C898B4F2-B452-7502-1A67-0536E77D49EA,sps,,,,,,,
1784539213.24235,FABCEA8B-7EC8-2594-4879-2B3B63989660,ThermoBeacon2,,,,,,,
1784539218.3007889,E697B52A-2E7F-D41E-BC4D-2D027CB38D0B,HAPPY BLÜTE,23.9,47.51,23.78,47.58,0,81,78
1784539218.3007889,827482CC-A977-43D7-835E-8E8B6978E66A,growmaster-1d3c,,,,,32,25,60
1784539218.3007889,C898B4F2-B452-7502-1A67-0536E77D49EA,sps,,,,,,,
1784539218.3007889,FABCEA8B-7EC8-2594-4879-2B3B63989660,ThermoBeacon2,,,,,,,
1784539223.3629708,E697B52A-2E7F-D41E-BC4D-2D027CB38D0B,HAPPY BLÜTE,23.89,47.51,23.77,47.57,0,81,78
1784539223.3629708,827482CC-A977-43D7-835E-8E8B6978E66A,growmaster-1d3c,,,,,32,25,60
1784539223.3629708,C898B4F2-B452-7502-1A67-0536E77D49EA,sps,,,,,,,
1784539223.3629708,FABCEA8B-7EC8-2594-4879-2B3B63989660,ThermoBeacon2,,,,,,,
1784539228.4317539,E697B52A-2E7F-D41E-BC4D-2D027CB38D0B,HAPPY BLÜTE,23.9,47.48,23.77,47.52,0,81,78
1784539228.4317539,827482CC-A977-43D7-835E-8E8B6978E66A,growmaster-1d3c,,,,,32,25,60
1784539228.4317539,C898B4F2-B452-7502-1A67-0536E77D49EA,sps,,,,,,,
1784539228.4317539,FABCEA8B-7EC8-2594-4879-2B3B63989660,ThermoBeacon2,,,,,,,
1784539233.525471,E697B52A-2E7F-D41E-BC4D-2D027CB38D0B,HAPPY BLÜTE,23.87,47.37,23.78,47.43,0,81,78
1784539233.525471,827482CC-A977-43D7-835E-8E8B6978E66A,growmaster-1d3c,,,,,32,25,60
1784539233.525471,C898B4F2-B452-7502-1A67-0536E77D49EA,sps,,,,,,,
1784539233.525471,FABCEA8B-7EC8-2594-4879-2B3B63989660,ThermoBeacon2,,,,,,,
1784539238.556212,E697B52A-2E7F-D41E-BC4D-2D027CB38D0B,HAPPY BLÜTE,23.89,47.4,23.77,47.41,0,81,78
1784539238.556212,827482CC-A977-43D7-835E-8E8B6978E66A,growmaster-1d3c,,,,,32,25,60
1784539238.556212,C898B4F2-B452-7502-1A67-0536E77D49EA,sps,,,,,,,
1784539238.556212,FABCEA8B-7EC8-2594-4879-2B3B63989660,ThermoBeacon2,,,,,,,
1784539243.6222231,E697B52A-2E7F-D41E-BC4D-2D027CB38D0B,HAPPY BLÜTE,23.9,47.41,23.75,47.43,0,81,78
1784539243.6222231,827482CC-A977-43D7-835E-8E8B6978E66A,growmaster-1d3c,,,,,32,25,60
1784539243.6222231,C898B4F2-B452-7502-1A67-0536E77D49EA,sps,,,,,,,
1784539243.6222231,FABCEA8B-7EC8-2594-4879-2B3B63989660,ThermoBeacon2,,,,,,,
1784539248.6571488,E697B52A-2E7F-D41E-BC4D-2D027CB38D0B,HAPPY BLÜTE,23.92,47.4,23.75,47.49,0,81,78
1784539248.6571488,827482CC-A977-43D7-835E-8E8B6978E66A,growmaster-1d3c,,,,,32,25,60
1784539248.6571488,C898B4F2-B452-7502-1A67-0536E77D49EA,sps,,,,,,,
1784539248.6571488,FABCEA8B-7EC8-2594-4879-2B3B63989660,ThermoBeacon2,,,,,,,
1784539253.75599,E697B52A-2E7F-D41E-BC4D-2D027CB38D0B,HAPPY BLÜTE,23.89,47.36,23.8,47.43,0,81,78
1784539253.75599,827482CC-A977-43D7-835E-8E8B6978E66A,growmaster-1d3c,,,,,32,25,60
1784539253.75599,C898B4F2-B452-7502-1A67-0536E77D49EA,sps,,,,,,,
1784539253.75599,FABCEA8B-7EC8-2594-4879-2B3B63989660,ThermoBeacon2,,,,,,,
1784539258.82493,E697B52A-2E7F-D41E-BC4D-2D027CB38D0B,HAPPY BLÜTE,23.87,47.38,23.75,47.44,0,81,78
1784539258.82493,827482CC-A977-43D7-835E-8E8B6978E66A,growmaster-1d3c,,,,,32,25,60
1784539258.82493,C898B4F2-B452-7502-1A67-0536E77D49EA,sps,,,,,,,
1784539258.82493,FABCEA8B-7EC8-2594-4879-2B3B63989660,ThermoBeacon2,,,,,,,
1784539263.874701,E697B52A-2E7F-D41E-BC4D-2D027CB38D0B,HAPPY BLÜTE,23.87,47.34,23.75,47.41,0,81,78
1784539263.874701,827482CC-A977-43D7-835E-8E8B6978E66A,growmaster-1d3c,,,,,32,25,60
1784539263.874701,C898B4F2-B452-7502-1A67-0536E77D49EA,sps,,,,,,,
1784539263.874701,FABCEA8B-7EC8-2594-4879-2B3B63989660,ThermoBeacon2,,,,,,,
1784539268.968846,E697B52A-2E7F-D41E-BC4D-2D027CB38D0B,HAPPY BLÜTE,23.86,47.37,23.78,47.42,0,81,78
1784539268.968846,827482CC-A977-43D7-835E-8E8B6978E66A,growmaster-1d3c,,,,,32,25,60
1784539268.968846,C898B4F2-B452-7502-1A67-0536E77D49EA,sps,,,,,,,
1784539268.968846,FABCEA8B-7EC8-2594-4879-2B3B63989660,ThermoBeacon2,,,,,,,
1784539274.022538,E697B52A-2E7F-D41E-BC4D-2D027CB38D0B,HAPPY BLÜTE,23.86,47.37,23.78,47.42,0,81,78
1784539274.022538,827482CC-A977-43D7-835E-8E8B6978E66A,growmaster-1d3c,,,,,32,25,60
1784539274.022538,C898B4F2-B452-7502-1A67-0536E77D49EA,sps,,,,,,,
1784539274.022538,FABCEA8B-7EC8-2594-4879-2B3B63989660,ThermoBeacon2,,,,,,,
1784539279.0512042,E697B52A-2E7F-D41E-BC4D-2D027CB38D0B,HAPPY BLÜTE,23.93,47.35,23.78,47.35,0,81,78
1784539279.0512042,827482CC-A977-43D7-835E-8E8B6978E66A,growmaster-1d3c,,,,,32,25,60
1784539279.0512042,C898B4F2-B452-7502-1A67-0536E77D49EA,sps,,,,,,,
1784539279.0512042,FABCEA8B-7EC8-2594-4879-2B3B63989660,ThermoBeacon2,,,,,,,
1784539284.056705,E697B52A-2E7F-D41E-BC4D-2D027CB38D0B,HAPPY BLÜTE,23.9,47.34,23.75,47.38,0,81,78
1784539284.056705,827482CC-A977-43D7-835E-8E8B6978E66A,growmaster-1d3c,,,,,32,25,60
1784539284.056705,C898B4F2-B452-7502-1A67-0536E77D49EA,sps,,,,,,,
1784539284.056705,FABCEA8B-7EC8-2594-4879-2B3B63989660,ThermoBeacon2,,,,,,,
1784539289.113767,E697B52A-2E7F-D41E-BC4D-2D027CB38D0B,HAPPY BLÜTE,23.87,47.31,23.78,47.31,0,81,78
1784539289.113767,827482CC-A977-43D7-835E-8E8B6978E66A,growmaster-1d3c,,,,,32,25,60
1784539289.113767,C898B4F2-B452-7502-1A67-0536E77D49EA,sps,,,,,,,
1784539289.113767,FABCEA8B-7EC8-2594-4879-2B3B63989660,ThermoBeacon2,,,,,,,
1784539294.148715,E697B52A-2E7F-D41E-BC4D-2D027CB38D0B,HAPPY BLÜTE,23.92,47.31,23.77,47.33,0,81,78
1784539294.148715,827482CC-A977-43D7-835E-8E8B6978E66A,growmaster-1d3c,,,,,32,25,60
1784539294.148715,C898B4F2-B452-7502-1A67-0536E77D49EA,sps,,,,,,,
1784539294.148715,FABCEA8B-7EC8-2594-4879-2B3B63989660,ThermoBeacon2,,,,,,,
1784539299.244961,E697B52A-2E7F-D41E-BC4D-2D027CB38D0B,HAPPY BLÜTE,23.92,47.31,23.77,47.33,0,81,78
1784539299.244961,827482CC-A977-43D7-835E-8E8B6978E66A,growmaster-1d3c,,,,,32,25,60
1784539299.244961,C898B4F2-B452-7502-1A67-0536E77D49EA,sps,,,,,,,
1784539299.244961,FABCEA8B-7EC8-2594-4879-2B3B63989660,ThermoBeacon2,,,,,,,
1784539304.2528682,E697B52A-2E7F-D41E-BC4D-2D027CB38D0B,HAPPY BLÜTE,23.89,47.3,23.78,47.32,0,81,78
1784539304.2528682,827482CC-A977-43D7-835E-8E8B6978E66A,growmaster-1d3c,,,,,32,25,60
1784539304.2528682,C898B4F2-B452-7502-1A67-0536E77D49EA,sps,,,,,,,
1784539304.2528682,FABCEA8B-7EC8-2594-4879-2B3B63989660,ThermoBeacon2,,,,,,,
1784539309.3522098,E697B52A-2E7F-D41E-BC4D-2D027CB38D0B,HAPPY BLÜTE,23.89,47.29,23.78,47.27,0,81,78
1784539309.3522098,827482CC-A977-43D7-835E-8E8B6978E66A,growmaster-1d3c,,,,,32,25,60
1784539309.3522098,C898B4F2-B452-7502-1A67-0536E77D49EA,sps,,,,,,,
1784539309.3522098,FABCEA8B-7EC8-2594-4879-2B3B63989660,ThermoBeacon2,,,,,,,
1784539314.475615,E697B52A-2E7F-D41E-BC4D-2D027CB38D0B,HAPPY BLÜTE,23.92,47.22,23.75,47.25,0,81,78
1784539314.475615,827482CC-A977-43D7-835E-8E8B6978E66A,growmaster-1d3c,,,,,32,25,60
1784539314.475615,C898B4F2-B452-7502-1A67-0536E77D49EA,sps,,,,,,,
1784539314.475615,FABCEA8B-7EC8-2594-4879-2B3B63989660,ThermoBeacon2,,,,,,,
1784539319.562977,E697B52A-2E7F-D41E-BC4D-2D027CB38D0B,HAPPY BLÜTE,23.9,47.24,23.78,47.23,0,81,78
1784539319.562977,827482CC-A977-43D7-835E-8E8B6978E66A,growmaster-1d3c,,,,,32,25,60
1784539319.562977,C898B4F2-B452-7502-1A67-0536E77D49EA,sps,,,,,,,
1784539319.562977,FABCEA8B-7EC8-2594-4879-2B3B63989660,ThermoBeacon2,,,,,,,
1784539324.650262,E697B52A-2E7F-D41E-BC4D-2D027CB38D0B,HAPPY BLÜTE,23.92,47.24,23.78,47.26,0,81,78
1784539324.650262,827482CC-A977-43D7-835E-8E8B6978E66A,growmaster-1d3c,,,,,32,25,60
1784539324.650262,C898B4F2-B452-7502-1A67-0536E77D49EA,sps,,,,,,,
1784539324.650262,FABCEA8B-7EC8-2594-4879-2B3B63989660,ThermoBeacon2,,,,,,,
1784539329.693185,E697B52A-2E7F-D41E-BC4D-2D027CB38D0B,HAPPY BLÜTE,23.92,47.19,23.8,47.23,0,81,78
1784539329.693185,827482CC-A977-43D7-835E-8E8B6978E66A,growmaster-1d3c,,,,,32,25,60
1784539329.693185,C898B4F2-B452-7502-1A67-0536E77D49EA,sps,,,,,,,
1784539329.693185,FABCEA8B-7EC8-2594-4879-2B3B63989660,ThermoBeacon2,,,,,,,
1784539334.799235,E697B52A-2E7F-D41E-BC4D-2D027CB38D0B,HAPPY BLÜTE,23.89,47.16,23.77,47.19,0,81,78
1784539334.799235,827482CC-A977-43D7-835E-8E8B6978E66A,growmaster-1d3c,,,,,32,25,60
1784539334.799235,C898B4F2-B452-7502-1A67-0536E77D49EA,sps,,,,,,,
1784539334.799235,FABCEA8B-7EC8-2594-4879-2B3B63989660,ThermoBeacon2,,,,,,,
1784539339.871634,E697B52A-2E7F-D41E-BC4D-2D027CB38D0B,HAPPY BLÜTE,23.89,47.18,23.75,47.15,0,81,78
1784539339.871634,827482CC-A977-43D7-835E-8E8B6978E66A,growmaster-1d3c,,,,,32,25,60
1784539339.871634,C898B4F2-B452-7502-1A67-0536E77D49EA,sps,,,,,,,
1784539339.871634,FABCEA8B-7EC8-2594-4879-2B3B63989660,ThermoBeacon2,,,,,,,
1784539344.894028,E697B52A-2E7F-D41E-BC4D-2D027CB38D0B,HAPPY BLÜTE,23.89,47.18,23.75,47.15,0,81,78
1784539344.894028,827482CC-A977-43D7-835E-8E8B6978E66A,growmaster-1d3c,,,,,32,25,60
1784539344.894028,C898B4F2-B452-7502-1A67-0536E77D49EA,sps,,,,,,,
1784539344.894028,FABCEA8B-7EC8-2594-4879-2B3B63989660,ThermoBeacon2,,,,,,,
1784539349.972832,E697B52A-2E7F-D41E-BC4D-2D027CB38D0B,HAPPY BLÜTE,23.92,47.16,23.78,47.19,0,81,78
1784539349.972832,827482CC-A977-43D7-835E-8E8B6978E66A,growmaster-1d3c,,,,,32,25,60
1784539349.972832,C898B4F2-B452-7502-1A67-0536E77D49EA,sps,,,,,,,
1784539349.972832,FABCEA8B-7EC8-2594-4879-2B3B63989660,ThermoBeacon2,,,,,,,
1784539355.0165708,E697B52A-2E7F-D41E-BC4D-2D027CB38D0B,HAPPY BLÜTE,23.89,47.12,23.77,47.14,0,81,78
1784539355.0165708,827482CC-A977-43D7-835E-8E8B6978E66A,growmaster-1d3c,,,,,32,25,60
1784539355.0165708,C898B4F2-B452-7502-1A67-0536E77D49EA,sps,,,,,,,
1784539355.0165708,FABCEA8B-7EC8-2594-4879-2B3B63989660,ThermoBeacon2,,,,,,,
1784539360.119395,E697B52A-2E7F-D41E-BC4D-2D027CB38D0B,HAPPY BLÜTE,23.92,47.07,23.77,47.11,0,81,78
1784539360.119395,827482CC-A977-43D7-835E-8E8B6978E66A,growmaster-1d3c,,,,,32,25,60
1784539360.119395,C898B4F2-B452-7502-1A67-0536E77D49EA,sps,,,,,,,
1784539360.119395,FABCEA8B-7EC8-2594-4879-2B3B63989660,ThermoBeacon2,,,,,,,
1784539365.1796129,E697B52A-2E7F-D41E-BC4D-2D027CB38D0B,HAPPY BLÜTE,23.92,47.06,23.8,47.08,0,81,78
1784539365.1796129,827482CC-A977-43D7-835E-8E8B6978E66A,growmaster-1d3c,,,,,32,25,60
1784539365.1796129,C898B4F2-B452-7502-1A67-0536E77D49EA,sps,,,,,,,
1784539365.1796129,FABCEA8B-7EC8-2594-4879-2B3B63989660,ThermoBeacon2,,,,,,,
1784539370.2568362,E697B52A-2E7F-D41E-BC4D-2D027CB38D0B,HAPPY BLÜTE,23.9,47.03,23.78,47.05,0,81,78
1784539370.2568362,827482CC-A977-43D7-835E-8E8B6978E66A,growmaster-1d3c,,,,,32,25,60
1784539370.2568362,C898B4F2-B452-7502-1A67-0536E77D49EA,sps,,,,,,,
1784539370.2568362,FABCEA8B-7EC8-2594-4879-2B3B63989660,ThermoBeacon2,,,,,,,
1784539375.3154712,E697B52A-2E7F-D41E-BC4D-2D027CB38D0B,HAPPY BLÜTE,23.89,47.08,23.77,47.09,0,81,78
1784539375.3154712,827482CC-A977-43D7-835E-8E8B6978E66A,growmaster-1d3c,,,,,32,25,60
1784539375.3154712,C898B4F2-B452-7502-1A67-0536E77D49EA,sps,,,,,,,
1784539375.3154712,FABCEA8B-7EC8-2594-4879-2B3B63989660,ThermoBeacon2,,,,,,,
1784539380.3675961,E697B52A-2E7F-D41E-BC4D-2D027CB38D0B,HAPPY BLÜTE,23.92,47.08,23.8,47.06,0,81,78
1784539380.3675961,827482CC-A977-43D7-835E-8E8B6978E66A,growmaster-1d3c,,,,,32,25,60
1784539380.3675961,C898B4F2-B452-7502-1A67-0536E77D49EA,sps,,,,,,,
1784539380.3675961,FABCEA8B-7EC8-2594-4879-2B3B63989660,ThermoBeacon2,,,,,,,
1784539385.379832,E697B52A-2E7F-D41E-BC4D-2D027CB38D0B,HAPPY BLÜTE,23.92,47.0,23.77,47.03,0,81,78
1784539385.379832,827482CC-A977-43D7-835E-8E8B6978E66A,growmaster-1d3c,,,,,32,25,60
1784539385.379832,C898B4F2-B452-7502-1A67-0536E77D49EA,sps,,,,,,,
1784539385.379832,FABCEA8B-7EC8-2594-4879-2B3B63989660,ThermoBeacon2,,,,,,,
1784539390.482309,E697B52A-2E7F-D41E-BC4D-2D027CB38D0B,HAPPY BLÜTE,23.92,46.98,23.78,47.03,0,81,78
1784539390.482309,827482CC-A977-43D7-835E-8E8B6978E66A,growmaster-1d3c,,,,,32,25,60
1784539390.482309,C898B4F2-B452-7502-1A67-0536E77D49EA,sps,,,,,,,
1784539390.482309,FABCEA8B-7EC8-2594-4879-2B3B63989660,ThermoBeacon2,,,,,,,
1784539395.552019,E697B52A-2E7F-D41E-BC4D-2D027CB38D0B,HAPPY BLÜTE,23.9,46.97,23.77,47.03,0,81,78
1784539395.552019,827482CC-A977-43D7-835E-8E8B6978E66A,growmaster-1d3c,,,,,32,25,60
1784539395.552019,C898B4F2-B452-7502-1A67-0536E77D49EA,sps,,,,,,,
1784539395.552019,FABCEA8B-7EC8-2594-4879-2B3B63989660,ThermoBeacon2,,,,,,,
1784539400.655361,E697B52A-2E7F-D41E-BC4D-2D027CB38D0B,HAPPY BLÜTE,23.89,47.01,23.8,46.99,0,81,78
1784539400.655361,827482CC-A977-43D7-835E-8E8B6978E66A,growmaster-1d3c,,,,,32,25,60
1784539400.655361,C898B4F2-B452-7502-1A67-0536E77D49EA,sps,,,,,,,
1784539400.655361,FABCEA8B-7EC8-2594-4879-2B3B63989660,ThermoBeacon2,,,,,,,
1784539405.7608142,E697B52A-2E7F-D41E-BC4D-2D027CB38D0B,HAPPY BLÜTE,23.92,46.93,23.78,47.01,0,81,78
1784539405.7608142,827482CC-A977-43D7-835E-8E8B6978E66A,growmaster-1d3c,,,,,32,25,60
1784539405.7608142,C898B4F2-B452-7502-1A67-0536E77D49EA,sps,,,,,,,
1784539405.7608142,FABCEA8B-7EC8-2594-4879-2B3B63989660,ThermoBeacon2,,,,,,,
1784539410.769187,E697B52A-2E7F-D41E-BC4D-2D027CB38D0B,HAPPY BLÜTE,23.92,46.94,23.78,47.01,0,81,78
1784539410.769187,827482CC-A977-43D7-835E-8E8B6978E66A,growmaster-1d3c,,,,,32,25,60
1784539410.769187,C898B4F2-B452-7502-1A67-0536E77D49EA,sps,,,,,,,
1784539410.769187,FABCEA8B-7EC8-2594-4879-2B3B63989660,ThermoBeacon2,,,,,,,
1784539415.832991,E697B52A-2E7F-D41E-BC4D-2D027CB38D0B,HAPPY BLÜTE,23.92,46.91,23.8,47.05,0,81,78
1784539415.832991,827482CC-A977-43D7-835E-8E8B6978E66A,growmaster-1d3c,,,,,32,25,60
1784539415.832991,C898B4F2-B452-7502-1A67-0536E77D49EA,sps,,,,,,,
1784539415.832991,FABCEA8B-7EC8-2594-4879-2B3B63989660,ThermoBeacon2,,,,,,,
1784539420.856964,E697B52A-2E7F-D41E-BC4D-2D027CB38D0B,HAPPY BLÜTE,23.89,46.85,23.78,46.91,0,81,78
1784539420.856964,827482CC-A977-43D7-835E-8E8B6978E66A,growmaster-1d3c,,,,,32,25,60
1784539420.856964,C898B4F2-B452-7502-1A67-0536E77D49EA,sps,,,,,,,
1784539420.856964,FABCEA8B-7EC8-2594-4879-2B3B63989660,ThermoBeacon2,,,,,,,
1784539425.920869,E697B52A-2E7F-D41E-BC4D-2D027CB38D0B,HAPPY BLÜTE,23.9,46.83,23.8,46.91,0,81,78
1784539425.920869,827482CC-A977-43D7-835E-8E8B6978E66A,growmaster-1d3c,,,,,32,25,60
1784539425.920869,C898B4F2-B452-7502-1A67-0536E77D49EA,sps,,,,,,,
1784539425.920869,FABCEA8B-7EC8-2594-4879-2B3B63989660,ThermoBeacon2,,,,,,,
1784539430.9380639,E697B52A-2E7F-D41E-BC4D-2D027CB38D0B,HAPPY BLÜTE,23.93,46.83,23.81,46.89,0,81,78
1784539430.9380639,827482CC-A977-43D7-835E-8E8B6978E66A,growmaster-1d3c,,,,,32,25,60
1784539430.9380639,C898B4F2-B452-7502-1A67-0536E77D49EA,sps,,,,,,,
1784539430.9380639,FABCEA8B-7EC8-2594-4879-2B3B63989660,ThermoBeacon2,,,,,,,
1784539436.033749,E697B52A-2E7F-D41E-BC4D-2D027CB38D0B,HAPPY BLÜTE,23.93,46.83,23.81,46.89,0,81,78
1784539436.033749,827482CC-A977-43D7-835E-8E8B6978E66A,growmaster-1d3c,,,,,32,25,60
1784539436.033749,C898B4F2-B452-7502-1A67-0536E77D49EA,sps,,,,,,,
1784539436.033749,FABCEA8B-7EC8-2594-4879-2B3B63989660,ThermoBeacon2,,,,,,,
1784539441.044609,E697B52A-2E7F-D41E-BC4D-2D027CB38D0B,HAPPY BLÜTE,23.9,46.83,23.78,46.91,0,81,78
1784539441.044609,827482CC-A977-43D7-835E-8E8B6978E66A,growmaster-1d3c,,,,,32,25,60
1784539441.044609,C898B4F2-B452-7502-1A67-0536E77D49EA,sps,,,,,,,
1784539441.044609,FABCEA8B-7EC8-2594-4879-2B3B63989660,ThermoBeacon2,,,,,,,
